,title,score,subreddit,created_utc,domain,subreddit,is_original_content,over_18,subreddit_type,subreddit_subscribers,num_comments,id,timestamp
0,"In 2017, Ireland had a Baby Boom making it #1 in Europe for Birth Rate. In 2018, Ireland Overturns Abortion Ban",1,conspiracy,1527437015,i.redd.it,conspiracy,False,False,public,640245,2,8miopz,2018-05-27 12:03:35
1,27 [M4F] let me corrupt you and make you as depraved as me,1,dirtykikpals,1527437009,self.dirtykikpals,dirtykikpals,False,True,public,101705,2,8mioou,2018-05-27 12:03:29
2,"Shitpost: May 27, 2018 at 11:00AM",1,shitpostbot5000,1527437003,mobile.twitter.com,shitpostbot5000,False,False,public,1198,1,8mioo7,2018-05-27 12:03:23
3,Are all three novellas going to be included in Fire and Blood?,1,asoiaf,1527436999,self.asoiaf,asoiaf,False,False,public,428618,2,8mionu,2018-05-27 12:03:19
4,custom caps,1,u_sophiaxiao,1527436998,i.redd.it,u_sophiaxiao,False,False,user,0,1,8mioni,2018-05-27 12:03:18
5,Turns out your vassals can be inherited by other nations.,1,eu4,1527436990,steamuserimages-a.akamaihd.net,eu4,False,False,public,94853,1,8miomf,2018-05-27 12:03:10
6,When was the moment you knew you were with 'the one'?,1,AskReddit,1527436988,self.AskReddit,AskReddit,False,False,public,19270849,2,8miolz,2018-05-27 12:03:08
7,Situs Taruhan Judi Poker Online Indonesia,1,u_luckyagen,1527436987,infokartu.biz,u_luckyagen,False,False,user,0,1,8miolw,2018-05-27 12:03:07
8,How can I clean out this old flask?,1,alcohol,1527436985,imgur.com,alcohol,False,False,public,39167,1,8mioll,2018-05-27 12:03:05
9,What causes allergies?,1,askscience,1527436985,self.askscience,askscience,False,False,public,15489454,2,8miolj,2018-05-27 12:03:05
10,ÿßŸÑŸÅŸÜÿßŸÜŸÄŸÄŸÄŸÄŸÄŸÄŸÄÿ© ÿßŸÑŸÖÿµÿ±Ÿäÿ© ÿ≥ŸäŸÖŸàŸÜ ŸÖÿπ ÿ£ÿ∫ŸÜŸÄŸÄŸÄŸäÿ© ŸÇŸÄŸÄŸÄŸÄŸÄŸÑÿ®Ÿä ÿßŸÑŸÑŸÄŸÄŸÄŸÄŸÄŸàŸÑŸÄŸÄŸÄŸä (ŸÜÿ≥ÿÆÿ© ...,1,Music,1527436980,youtube.com,Music,False,False,public,16930538,2,8miokv,2018-05-27 12:03:00
11,"Dear Wife,",1,nosleep,1527436980,self.nosleep,nosleep,False,False,public,12285477,2,8miokt,2018-05-27 12:03:00
12,"ComedyCemetery | Image | ""I funny has reached ""mom on facebook"" levels of nomie. This was featured""",1,TranscribersOfReddit,1527436979,reddit.com,TranscribersOfReddit,False,False,public,2811,3,8miokr,2018-05-27 12:02:59
13,Something In The Walls [Part 1],1,nosleep,1527436975,self.nosleep,nosleep,False,False,public,12285476,2,8miokd,2018-05-27 12:02:55
14,Do I have to work these shifts?,1,legaladvice,1527436975,self.legaladvice,legaladvice,False,False,public,412034,1,8miokb,2018-05-27 12:02:55
15,Pornhub legend Mia Khalifa slams Sergio Ramos as she tells under-fire Liverpool keeper Loris Karius to 'keep smiling',1,soccer,1527436973,mirror.co.uk,soccer,False,False,public,957392,3,8miok4,2018-05-27 12:02:53
16,I found this one on r/me_irl. Thought it belonged here instead,1,ComedyCemetery,1527436972,i.imgur.com,ComedyCemetery,False,False,public,289060,2,8miojx,2018-05-27 12:02:52
17,Infinity War memes are still worth investing?,1,MemeEconomy,1527436971,i.imgur.com,MemeEconomy,False,False,public,531845,1,8mioju,2018-05-27 12:02:51
18,"PandR | Image | ""Found this sign while jogging at a park this morning.""",1,TranscribersOfReddit,1527436971,reddit.com,TranscribersOfReddit,False,False,public,2811,3,8miojt,2018-05-27 12:02:51
19,I had the best birthday ever,1,youtube,1527436970,youtu.be,youtube,False,False,public,145289,1,8miojs,2018-05-27 12:02:50
20,discord:]iel,1,discord_iel,1527436969,i.redd.it,discord_iel,False,False,public,23,1,8miojp,2018-05-27 12:02:49
21,f,1,circlejerk,1527436969,self.circlejerk,circlejerk,False,False,public,309633,2,8miojm,2018-05-27 12:02:49
22,China Trumps Our Master Dealmaker,1,politics,1527436964,dcreport.org,politics,False,False,public,3835055,1,8mioj8,2018-05-27 12:02:44
23,Selfie thread,1,teenagers,1527436962,self.teenagers,teenagers,False,False,public,495911,1,8mioiv,2018-05-27 12:02:42
24,custom caps,1,u_sophiaxiao,1527436962,i.redd.it,u_sophiaxiao,False,False,user,0,1,8mioit,2018-05-27 12:02:42
25,Exercises to be able to autofellatio?,1,gaybros,1527436959,self.gaybros,gaybros,False,False,public,113187,2,8mioi8,2018-05-27 12:02:39
26,Brewers RP Dan Jennings throws a 69-mph fastball for a strike,1,baseball,1527436956,mediadownloads.mlb.com,baseball,False,False,public,701772,1,8mioi2,2018-05-27 12:02:36
27,SPANISH MUSIC GUITAR ROMANTIC BEST LATIN LOVE SONGS INSTRUMENTAL RELAXIN...,1,relaxingmusic,1527436955,youtube.com,relaxingmusic,False,False,public,126,1,8miohr,2018-05-27 12:02:35
28,Make my wife your whore,1,jobuds,1527436954,m.imgur.com,jobuds,False,True,public,39224,2,8mioho,2018-05-27 12:02:34
29,Zidane with his family after UCL final,1,soccer,1527436954,m.facebook.com,soccer,False,False,public,957391,2,8miohm,2018-05-27 12:02:34
30,Can Epic please...,1,FortNiteBR,1527436952,self.FortNiteBR,FortNiteBR,False,False,public,642409,2,8miohg,2018-05-27 12:02:32
31,20[M4F] Hoping to lose my blowjob virginity #Munich,1,RandomActsOfBlowJob,1527436952,self.RandomActsOfBlowJob,RandomActsOfBlowJob,False,True,public,145505,2,8miohe,2018-05-27 12:02:32
32,Keto Ramen,1,ketorecipes,1527436951,imgur.com,ketorecipes,False,False,public,243232,3,8mioh5,2018-05-27 12:02:31
33,First ever custom PC build/setup; looking for tips on how to improve it!,1,pcmasterrace,1527436949,i.redd.it,pcmasterrace,False,False,public,1447836,1,8miogu,2018-05-27 12:02:29
34,Vrl need to be flashed,1,LineageOS,1527436949,self.LineageOS,LineageOS,False,False,public,30978,1,8miogt,2018-05-27 12:02:29
35,Paul every time your late or don't stream you're letting Larry down. Dont fucking disappoint Larry,1,Ice_Poseidon,1527436949,i.redd.it,Ice_Poseidon,False,False,public,90770,1,8miogq,2018-05-27 12:02:29
36,"oldpeoplefacebook | Image | ""My mums new cover photo""",1,TranscribersOfReddit,1527436941,reddit.com,TranscribersOfReddit,False,False,public,2811,3,8miofn,2018-05-27 12:02:21
37,"Calculated measurement a 34E or DDD, but snug band size is a 32. Went shopping and 34's were too big!",1,ABraThatFits,1527436940,self.ABraThatFits,ABraThatFits,False,False,public,81771,1,8miof5,2018-05-27 12:02:20
38,"In honor of Dahyun day, here's the video that started it all!",1,twice,1527436939,gfycat.com,twice,False,False,public,23060,2,8miof3,2018-05-27 12:02:19
39,27 [M4F] #NYC Searching for cunnilingus lessons,1,RandomActsOfMuffDive,1527436939,self.RandomActsOfMuffDive,RandomActsOfMuffDive,False,True,public,73666,1,8mioez,2018-05-27 12:02:19
40,"I have two of these trees growing at the edge of my backyard, and I can‚Äôt seem to lock down what type of tree they are.",1,whatsthisplant,1527436936,i.redd.it,whatsthisplant,False,False,public,74378,1,8mioeg,2018-05-27 12:02:16
41,Real Madrid v Liverpool: What now after Champions League defeat?,1,AskReddit,1527436936,self.AskReddit,AskReddit,False,False,public,19270846,1,8mioed,2018-05-27 12:02:16
42,"I got a new camera, can you tell? [oc]",1,asshole,1527436936,i.imgur.com,asshole,False,True,public,102437,1,8mioec,2018-05-27 12:02:16
43,Has a redditor actually found a date here in reddit?,1,AskReddit,1527436934,self.AskReddit,AskReddit,False,False,public,19270846,2,8mioe4,2018-05-27 12:02:14
44,"Hi, this is Spensha Baker from The Voice and I‚Äôll be performing on this year‚Äôs National Memorial Day Concert on PBS this Sunday. AMA!",1,AMAAggregator,1527436933,reddit.com,AMAAggregator,False,False,restricted,882,2,8miods,2018-05-27 12:02:13
45,Solo laner and carry LF group PS4 eu,1,SmiteLFM,1527436933,self.SmiteLFM,SmiteLFM,False,False,public,4014,2,8miodm,2018-05-27 12:02:13
46,Beckoning,1,gifsthatkeepongiving,1527436932,gfycat.com,gifsthatkeepongiving,False,False,public,295928,1,8miodk,2018-05-27 12:02:12
47,–ó–∞—á–µ–º –ú–∞–∫—Ä–æ–Ω –ø—Ä–∏–µ—Ö–∞–ª –ª–∏–∑–∞—Ç—å –ü—É—Ç–∏–Ω—É? –ê–¥–≤–æ–∫–∞—Ç –ü–æ–ª–æ–∑–æ–≤ –≤ –ü—Ä—è–º–æ–º —ç—Ñ–∏—Ä–µ –Ω–∞ So...,1,ru,1527436931,youtube.com,ru,False,False,public,3210,1,8mioda,2018-05-27 12:02:11
48,"As sick as we are of hearing about porn star Stormy Daniels and her creepy lawyer, Michael Avenatti,",1,RightwingLGBT,1527436931,fbnewscycle.com,RightwingLGBT,False,False,public,4839,1,8miod8,2018-05-27 12:02:11
49,PORTLANDIA: White People Asked To Donate Money To 'Reparations Happy Hour‚Äô,1,Portland,1527436930,dailywire.com,Portland,False,False,public,95563,1,8miocv,2018-05-27 12:02:10
50,"[@SkyNewsBreak] British number one Johanna Konta has been knocked out of the French Open after suffering a 6-4, 6-3 first-round def‚Ä¶ https://t.co/5lDC2uPbY5",1,newstweetfeed,1527436930,twitter.com,newstweetfeed,False,False,restricted,227,1,8miocu,2018-05-27 12:02:10
51,Too bad grandma!,1,memes,1527436930,i.redd.it,memes,False,False,public,1142520,2,8miocs,2018-05-27 12:02:10
52,custom caps,1,u_sophiaxiao,1527436929,i.redd.it,u_sophiaxiao,False,False,user,0,1,8mioco,2018-05-27 12:02:09
53,What bans you in the Remaster?,1,darksouls,1527436929,self.darksouls,darksouls,False,False,public,167268,1,8miocn,2018-05-27 12:02:09
54,meta,1,dankmemes,1527436929,i.redd.it,dankmemes,False,False,public,1066165,2,8miocl,2018-05-27 12:02:09
55,Woof,1,woof_irl,1527436929,i.redd.it,woof_irl,False,False,public,197915,2,8miock,2018-05-27 12:02:09
56,It is just amazing that none of the QB needy teams signed Bridgewater as a 2 who could compete to be a 1. Huge missed opportunity. A number of teams that will regret that. I‚Äôm told he has looked outstanding. This will be a different version of Dion Lewis if he stays healthy.,1,nfl,1527436928,twitter.com,nfl,False,False,public,776019,1,8mioci,2018-05-27 12:02:08
57,I irl,1,i_irl,1527436927,i.redd.it,i_irl,False,False,public,10659,1,8miocc,2018-05-27 12:02:07
58,"JET DI LUSSO, BIGLIETTI AEREI ECONOMICI OFFERTI PER CONTANTI IN BITCOIN",1,BitcoinIT,1527436927,i.redd.it,BitcoinIT,False,False,public,131,1,8mioc9,2018-05-27 12:02:07
59,Beckoning,1,gifs,1527436927,gfycat.com,gifs,False,False,public,16152685,1,8mioc8,2018-05-27 12:02:07
60,"3 monitor PLP-setup I want to build: 27"" 5120x2880 center, 2x 15.6"" 1620x2880 side. Around 215 PPI with 8360 by 2880 pixels.",1,hardware,1527436925,i.redd.it,hardware,False,False,public,298113,2,8miobw,2018-05-27 12:02:05
61,"NEO/BTC Technicals ""Just Go For It NEO""",1,NEO,1527436923,i.redd.it,NEO,False,False,public,93075,1,8miobl,2018-05-27 12:02:03
62,"[South Florida] Tiny bugs ~2-3mm, They are really attracted to food. Keep finding them near my garbage bin and in my car.",1,whatsthisbug,1527436920,i.redd.it,whatsthisbug,False,False,public,78661,1,8miob8,2018-05-27 12:02:00
63,anything happen that worth checking from all of last night guys?,1,Ice_Poseidon,1527436920,self.Ice_Poseidon,Ice_Poseidon,False,False,public,90770,1,8miob7,2018-05-27 12:02:00
64,Upvote this so he'll see himself on the front page when he's back home,1,Ice_Poseidon,1527436919,i.redd.it,Ice_Poseidon,False,False,public,90770,2,8mioay,2018-05-27 12:01:59
65,"[Steam] Union Pacific 2-6-6-4 3985 rounds the curve near Buford, Wyoming, on famed Sherman Hill, July 12, 2003. - Photo by Joe McMillan",1,NoSillySuffix,1527436918,c2.staticflickr.com,NoSillySuffix,False,False,restricted,29097,1,8mioaw,2018-05-27 12:01:58
66,[Fanart][OC]Drew Universe 2 in the style of Sailor Moon S,1,dbz,1527436917,twitter.com,dbz,False,False,public,165323,1,8mioar,2018-05-27 12:01:57
67,What back bling is this?,1,FortNiteBR,1527436914,i.redd.it,FortNiteBR,False,False,public,642407,1,8mioai,2018-05-27 12:01:54
68,Fat people can fight too.,1,funny,1527436914,/r/funny/comments/8mioah/fat_people_can_fight_too/,funny,False,False,public,19584748,1,8mioah,2018-05-27 12:01:54
69,"Discount Adam Driver, Timothy, and Jerry hire a cheap stripper who promised a dirty night out",1,wheredidthesodago,1527436913,gfycat.com,wheredidthesodago,False,False,public,817187,1,8mioab,2018-05-27 12:01:53
70,Samantha messaged this to brandon,1,Ice_Poseidon,1527436911,i.redd.it,Ice_Poseidon,False,False,public,90770,3,8mioa2,2018-05-27 12:01:51
71,"Union Pacific 2-6-6-4 3985 rounds the curve near Buford, Wyoming, on famed Sherman Hill, July 12, 2003. - Photo by Joe McMillan",1,SteamFans,1527436910,c2.staticflickr.com,SteamFans,False,False,restricted,20,1,8mioa0,2018-05-27 12:01:50
72,"Ethan Strauss: ""Rockets shot 14 of 29 from 3-point range with Durant on the floor and 1 of 10 when he sat.",1,nba,1527436908,theathletic.com,nba,False,False,public,1116308,4,8mio9p,2018-05-27 12:01:48
73,I can‚Äôt wait for Ice to get back to Florida to see his favorite man in the world!,1,Ice_Poseidon,1527436906,i.redd.it,Ice_Poseidon,False,False,public,90770,1,8mio9g,2018-05-27 12:01:46
74,An√°lisis del precio de Bitcoin (BTC) 27/05/2018,1,vzla,1527436905,criptoinforme.com,vzla,False,False,public,21922,1,8mio9c,2018-05-27 12:01:45
75,"Harley &amp; Poison Ivy, (AtlasSFM) [Batman, DC Comics]",1,rule34,1527436904,i.imgur.com,rule34,False,True,public,353027,2,8mio99,2018-05-27 12:01:44
76,Make Solid Gold Count In Your Stats,1,FortNiteBR,1527436904,self.FortNiteBR,FortNiteBR,False,False,public,642406,2,8mio95,2018-05-27 12:01:44
77,Official Discover It Referral Thread,1,churning,1527436901,self.churning,churning,False,False,public,125392,4,8mio8o,2018-05-27 12:01:41
78,This double rainbow i caught with my phone,1,pics,1527436900,i.redd.it,pics,False,False,public,18670177,1,8mio8j,2018-05-27 12:01:40
79,"I know it's a repost, but what should I do once I hit 10k karma? Literally 5 updoots away.",1,AskTheOuija,1527436900,self.AskTheOuija,AskTheOuija,False,False,public,291,2,8mio8h,2018-05-27 12:01:40
80,custom caps,1,u_sophiaxiao,1527436899,i.redd.it,u_sophiaxiao,False,False,user,0,1,8mio8c,2018-05-27 12:01:39
81,When Mallory insinuates I‚Äôm responsible for DH‚Äôs mistakes.,1,JUSTNOMIL,1527436896,self.JUSTNOMIL,JUSTNOMIL,False,False,public,254162,1,8mio7v,2018-05-27 12:01:36
82,üí¶üí¶,1,dankmemes,1527436893,i.imgur.com,dankmemes,False,False,public,1066163,2,8mio7l,2018-05-27 12:01:33
83,Driving through Banff with a friend and ending up on an empty road with the Castle Mountain as the backdrop.,1,GWCOEPBot,1527436893,i.imgur.com,GWCOEPBot,False,False,restricted,652,1,8mio7j,2018-05-27 12:01:33
84,"Tinder date cream pie [F21,M]",1,gonewild,1527436893,i.imgur.com,gonewild,False,True,public,1452471,2,8mio7i,2018-05-27 12:01:33
85,gotchya nose!,1,DDLC,1527436890,i.redd.it,DDLC,False,False,public,89810,3,8mio78,2018-05-27 12:01:30
86,Incredible Top 10 Skillful Hat-Trick in Italian League 2018,1,youtube,1527436890,youtube.com,youtube,False,False,public,145289,2,8mio71,2018-05-27 12:01:30
87,Talk me out of buying a Twizy,1,electricvehicles,1527436889,self.electricvehicles,electricvehicles,False,False,public,16550,1,8mio6w,2018-05-27 12:01:29
88,outdoors is always fun,1,GaybrosGoneWild,1527436888,twitter.com,GaybrosGoneWild,False,True,public,65119,1,8mio6q,2018-05-27 12:01:28
89,Hogs to OP Who agree!?,1,ClashRoyale,1527436887,self.ClashRoyale,ClashRoyale,False,False,public,188541,1,8mio6l,2018-05-27 12:01:27
90,"ProgrammerHumor | Image | ""Somebody hates JavaScript in their browser""",1,TranscribersOfReddit,1527436887,reddit.com,TranscribersOfReddit,False,False,public,2811,4,8mio6j,2018-05-27 12:01:27
91,"President Donald Trump rips '13 Angry Democrats,' Mueller on Twitter",1,Trump_Idiocy,1527436887,usatoday.com,Trump_Idiocy,False,False,public,29,2,8mio6i,2018-05-27 12:01:27
92,hmmm,1,hmmm,1527436887,i.redd.it,hmmm,False,False,public,705785,1,8mio6g,2018-05-27 12:01:27
93,"Islamic teacher who abused 11 year old spared jail, but man who left sandwich outside mosque gets prison and found dead halfway through his sentence",1,u_AirplaneNote,1527436886,i.redd.it,u_AirplaneNote,False,False,user,0,1,8mio6d,2018-05-27 12:01:26
94,M4M Curious Straight Guy is Fucked into Submission.,1,Roleplaykik,1527436884,self.Roleplaykik,Roleplaykik,False,False,public,25496,1,8mio5v,2018-05-27 12:01:24
95,Ok Reddit.,1,softwaregore,1527436883,/r/softwaregore/comments/8mio5n/ok_reddit/,softwaregore,False,False,public,315392,1,8mio5n,2018-05-27 12:01:23
96,Official Chase Sapphire Reserve Referral Thread,1,churning,1527436882,self.churning,churning,False,False,public,125392,7,8mio5m,2018-05-27 12:01:22
97,Why are most male programmer long haired?,1,AskReddit,1527436882,self.AskReddit,AskReddit,False,False,public,19270841,4,8mio5l,2018-05-27 12:01:22
98,"[Question]Is there a tool where my friends can input what games they have for each platform(PC, Xbox, PS) and it will output a game everyone has randomly?",1,Games,1527436882,self.Games,Games,False,False,public,1118193,2,8mio5j,2018-05-27 12:01:22
99,fit bit charge 2 questions [X-Post From /r/fitbit],1,Serendipity,1527436881,reddit.com,Serendipity,False,False,restricted,47884,1,8mio5e,2018-05-27 12:01:21
100,[Sexual Content Warning] Last night was absolutely wonderful.,1,actuallesbians,1527436880,self.actuallesbians,actuallesbians,False,False,public,103742,2,8mio5c,2018-05-27 12:01:20
101,"President Donald Trump rips '13 Angry Democrats,' Mueller on Twitter",1,politics,1527436879,usatoday.com,politics,False,False,public,3835055,2,8mio50,2018-05-27 12:01:19
102,Growth Spurt: Award,1,Undertale,1527436878,potoobrigham.tumblr.com,Undertale,False,False,public,71972,1,8mio4w,2018-05-27 12:01:18
103,Holy Pose: Healing [Queen's Blade],1,animeplot,1527436877,i.imgur.com,animeplot,False,True,public,25066,1,8mio4q,2018-05-27 12:01:17
104,Best Free (Bitcoin) Forex Signals APP for Copy Trading,1,BitcoinAll,1527436876,play.google.com,BitcoinAll,False,False,public,6569,1,8mio4k,2018-05-27 12:01:16
105,"Wholewheat Tomato Pasta with Charred Romano Pepper, Olives and Spinach",1,veganrecipes,1527436872,i.redd.it,veganrecipes,False,False,public,95224,1,8mio47,2018-05-27 12:01:12
106,Only _______ should be allowed to watch Deadpool 2,1,AskOuija,1527436870,self.AskOuija,AskOuija,False,False,public,184640,5,8mio3t,2018-05-27 12:01:10
107,Spotify created a BROCKHAMPTON Playlist,1,brockhampton,1527436870,i.redd.it,brockhampton,False,False,public,44228,1,8mio3s,2018-05-27 12:01:10
108,custom baseball caps,1,u_sophiaxiao,1527436869,i.redd.it,u_sophiaxiao,False,False,user,0,2,8mio3r,2018-05-27 12:01:09
109,My floor,1,mildlyinteresting,1527436869,i.redd.it,mildlyinteresting,False,False,public,14299091,2,8mio3q,2018-05-27 12:01:09
110,"JET DI LUSSO, BIGLIETTI AEREI ECONOMICI OFFERTI PER CONTANTI IN BITCOIN",1,u_dyneros,1527436869,i.redd.it,u_dyneros,False,False,user,0,1,8mio3p,2018-05-27 12:01:09
111,"Hi, this is Spensha Baker from The Voice and I‚Äôll be performing on this year‚Äôs National Memorial Day Concert on PBS this Sunday. AMA!",1,IAmA,1527436869,self.IAmA,IAmA,False,False,public,17990241,2,8mio3m,2018-05-27 12:01:09
112,Forbidden fried chicken,1,forbiddensnacks,1527436869,i.redd.it,forbiddensnacks,False,False,public,146247,1,8mio3k,2018-05-27 12:01:09
113,Olguta Vasilescu: Romania se razuiesc peretii ca sa poata amenda 2 biciclisti,1,romania_ss,1527436866,self.romania_ss,romania_ss,False,False,public,376,1,8mio3a,2018-05-27 12:01:06
114,Please help me save the dead memes,1,me_irl,1527436865,i.redd.it,me_irl,False,False,public,1212285,1,8mio37,2018-05-27 12:01:05
115,hmmm,1,hmmm,1527436865,i.redd.it,hmmm,False,False,public,705785,1,8mio30,2018-05-27 12:01:05
116,My new neighbors have at least 8 cars and it's really annoying,1,legaladvice,1527436861,self.legaladvice,legaladvice,False,False,public,412034,1,8mio2f,2018-05-27 12:01:01
117,Top Image of 05-26-2018 [Artist: spectre-z],1,ClopClop,1527436861,gfycat.com,ClopClop,False,True,public,23135,1,8mio2c,2018-05-27 12:01:01
118,"My Warden's female, how do I get the make one ?",1,forhonor,1527436861,self.forhonor,forhonor,False,False,public,111426,1,8mio28,2018-05-27 12:01:01
119,BIGGEST SHIT POSTER ON HERE.. GOTCHA,1,Ice_Poseidon,1527436859,i.redd.it,Ice_Poseidon,False,False,public,90770,1,8mio20,2018-05-27 12:00:59
120,I have a serious issue - help me. I met a girl a few months ago and she seems so perfect for me. After a while of talking we finally started cuddling and kissing. She recently opened up to me about how many sexual partners she has had and it was over 30. What do I do? Please help me :(,1,AskReddit,1527436858,self.AskReddit,AskReddit,False,False,public,19270840,2,8mio1z,2018-05-27 12:00:58
121,"[H] Crimson Octane, Sky Blue Octane, Lime Octane, Orange Octane, Titanium White Draco, Sky Blue Draco, Crimson Wonderment, Trigon, Stormwatch [W] 18k, 14k, 8k, 8k, 44k, 16k, 20k, 21k, 13k",1,RocketLeagueExchange,1527436856,self.RocketLeagueExchange,RocketLeagueExchange,False,False,public,69895,2,8mio1p,2018-05-27 12:00:56
122,Avril Lavigne considers her dating options (circa 2002),1,fakehistoryporn,1527436855,i.imgur.com,fakehistoryporn,False,False,public,314027,1,8mio1e,2018-05-27 12:00:55
123,35 year old bigreds still a beast,1,outdoorontario,1527436855,youtu.be,outdoorontario,False,False,public,71,1,8mio1c,2018-05-27 12:00:55
124,In case anyone was wondering what damage harassberg did- from HVFF london,1,supergirlTV,1527436855,i.redd.it,supergirlTV,False,False,public,27563,1,8mio1b,2018-05-27 12:00:55
125,[EXPANSION] Ecuador Joins the Federation!,1,worldpowers,1527436855,self.worldpowers,worldpowers,False,False,restricted,4387,1,8mio1a,2018-05-27 12:00:55
126,LARRY APPRECIATION THREAD,1,Ice_Poseidon,1527436854,i.redd.it,Ice_Poseidon,False,False,public,90770,1,8mio17,2018-05-27 12:00:54
127,"A look at my mother, aka the reason I lurk here. TW: child abuse",1,JUSTNOMIL,1527436851,self.JUSTNOMIL,JUSTNOMIL,False,False,public,254162,2,8mio0u,2018-05-27 12:00:51
128,Epic Doomguy Cosplay,1,gaming,1527436851,i.redd.it,gaming,False,False,public,18160975,1,8mio0t,2018-05-27 12:00:51
129,"I have been waiting for 2 hours and 20 minutes in queue. 33.900 people have been ""waiting"" in front of me. Yeah, I don't think I am gonna wait any longer to join this game. Farewell.",1,dauntless,1527436850,self.dauntless,dauntless,False,False,public,23261,1,8mio0q,2018-05-27 12:00:50
130,As a brit I actually prefer the 3am fights.,1,MMA,1527436849,i.redd.it,MMA,False,False,public,529937,2,8mio0j,2018-05-27 12:00:49
131,33[M4F] Monday night fun,1,NSFWskype,1527436847,self.NSFWskype,NSFWskype,False,True,public,19869,2,8mio08,2018-05-27 12:00:47
132,rakan is a good example of how the support role should be,1,leagueoflegends,1527436845,self.leagueoflegends,leagueoflegends,False,False,public,1508632,1,8minzz,2018-05-27 12:00:45
133,"Roses are red, I am completely shook,",1,boottoobig,1527436843,i.redd.it,boottoobig,False,False,public,325894,1,8minzt,2018-05-27 12:00:43
134,Giuliani Calls Mueller Probe ‚ÄòIllegitimate‚Äô: ‚ÄòOur Jury ‚Ä¶ Is The American People‚Äô,1,politics,1527436843,talkingpointsmemo.com,politics,False,False,public,3835055,7,8minzr,2018-05-27 12:00:43
135,This guy passed me in Petsmart.,1,aww,1527436842,i.redd.it,aww,False,False,public,17183350,2,8minzq,2018-05-27 12:00:42
136,What is your clapping on airplanes etiquette?,1,AskEurope,1527436838,self.AskEurope,AskEurope,False,False,public,26499,2,8minz8,2018-05-27 12:00:38
137,[The_Donald] Just a photo of a political prisoner in an Islamic country,1,RemovedByThe_Donald,1527436838,np.reddit.com,RemovedByThe_Donald,False,False,restricted,175,1,8minz7,2018-05-27 12:00:38
138,"Making a bubble over snow, then watching it slowly freeze.",1,interestingasfuck,1527436838,i.imgur.com,interestingasfuck,False,False,public,2163658,1,8minz3,2018-05-27 12:00:38
139,Best girl,1,OneTrueIchigo,1527436831,i.redd.it,OneTrueIchigo,False,False,public,2286,1,8minyf,2018-05-27 12:00:31
140,[PS4] LFG Escalation Protocol for sniper,1,Fireteams,1527436831,self.Fireteams,Fireteams,False,False,public,67840,1,8minyd,2018-05-27 12:00:31
141,The Sith starting their recruitment drive with the youth at Comicpalooza yesterday,1,StarWars,1527436830,i.redd.it,StarWars,False,False,public,879937,2,8miny7,2018-05-27 12:00:30
142,Help,1,NoFap,1527436830,self.NoFap,NoFap,False,False,public,323514,1,8miny1,2018-05-27 12:00:30
143,"[H] Alien Isolation, Hurtworld, The Witness, Vermintide, Deus Ex: Mankind Divided &amp; Other Steam Games [W] GRLC",1,GarlicMarket,1527436828,self.GarlicMarket,GarlicMarket,False,False,public,5884,1,8minxv,2018-05-27 12:00:28
144,custom baseball caps,1,u_sophiaxiao,1527436826,i.redd.it,u_sophiaxiao,False,False,user,0,1,8minxj,2018-05-27 12:00:26
145,Local tournament help,1,FortNiteBR,1527436826,self.FortNiteBR,FortNiteBR,False,False,public,642405,2,8minxd,2018-05-27 12:00:26
146,Is it racist that I won‚Äôt have sex with a woman unless she is White like me?,1,sex,1527436825,self.sex,sex,False,False,public,920953,2,8minxa,2018-05-27 12:00:25
147,Question,1,cosplay,1527436825,self.cosplay,cosplay,False,False,public,207016,2,8minx7,2018-05-27 12:00:25
148,ACTUAL OLDFAG,1,Ice_Poseidon,1527436824,i.redd.it,Ice_Poseidon,False,False,public,90769,2,8minx5,2018-05-27 12:00:24
149,S√∂ndags√•ngest,1,sweden,1527436824,imgur.com,sweden,False,False,public,201812,2,8minx4,2018-05-27 12:00:24
150,"No pain,no gain",1,ANormalDayInRussia,1527436822,i.redd.it,ANormalDayInRussia,False,False,public,390006,1,8minwr,2018-05-27 12:00:22
151,"Weekly Sidebar Contest Results Thread - May 27, 2018",1,Wetshaving,1527436820,self.Wetshaving,Wetshaving,False,False,public,7468,1,8minwi,2018-05-27 12:00:20
152,Davis Mountains State Park,1,texas,1527436819,i.redd.it,texas,False,False,public,81687,2,8minwc,2018-05-27 12:00:19
153,Is crafting worth for endgame?,1,Bless,1527436819,self.Bless,Bless,False,False,public,9551,1,8minwb,2018-05-27 12:00:19
154,A new take on deleting daddy,1,copypasta,1527436817,self.copypasta,copypasta,False,False,public,136186,1,8minw5,2018-05-27 12:00:17
155,Pineapple Express - cheapweed - May 18,1,MOMpics,1527436815,i.imgur.com,MOMpics,False,False,public,2222,1,8minvu,2018-05-27 12:00:15
156,Student Loan Repayment (~5.8K left) or Roth IRA contributions for the rest of year,1,personalfinance,1527436815,self.personalfinance,personalfinance,False,False,public,12934537,2,8minvt,2018-05-27 12:00:15
157,Your Friendly Neighborhood Spider-Man,1,pics,1527436815,i.imgur.com,pics,False,False,public,18670178,1,8minvq,2018-05-27 12:00:15
158,A list of numbers sorted alphabetically,1,CrappyDesign,1527436814,imgur.com,CrappyDesign,False,False,public,1030989,2,8minvm,2018-05-27 12:00:14
159,"Gamer's Central HQ, now recruiting",1,FORTnITE,1527436814,discord.gg,FORTnITE,False,False,public,177275,1,8minvh,2018-05-27 12:00:14
160,My Routine,1,SkincareAddiction,1527436813,imgur.com,SkincareAddiction,False,False,public,546316,2,8minvd,2018-05-27 12:00:13
161,"quityourbullshit | Image | ""US soccer player Alex Morgan calls out Twitter page for fabricating a quote""",1,TranscribersOfReddit,1527436813,reddit.com,TranscribersOfReddit,False,False,public,2811,1,8minvc,2018-05-27 12:00:13
162,"This shirt costs $1,290",1,pics,1527436813,i.imgur.com,pics,False,False,public,18670178,2,8minvb,2018-05-27 12:00:13
163,Tausende demonstrieren in Berlin f√ºr und gegen die AfD (0.42),1,grumpy_archive,1527436812,wp.de,grumpy_archive,False,False,public,74,1,8minv5,2018-05-27 12:00:12
164,What is the best thing to do on a first date?,1,AskReddit,1527436812,self.AskReddit,AskReddit,False,False,public,19270840,2,8minv4,2018-05-27 12:00:12
165,"People of Reddit, do you regret falling in love with a particular person?",1,AskReddit,1527436811,self.AskReddit,AskReddit,False,False,public,19270840,1,8minuz,2018-05-27 12:00:11
166,"[Architecture] Detail of the Auditorio de Tenerife, Santa Cruz de Tenerife, Canary Islands",1,NoSillySuffix,1527436810,i.redd.it,NoSillySuffix,False,False,restricted,29097,1,8minux,2018-05-27 12:00:10
167,What are your favorite movies in which honor is a central theme of the story?,1,AskReddit,1527436809,self.AskReddit,AskReddit,False,False,public,19270840,1,8minus,2018-05-27 12:00:09
168,What.,1,FireEmblemHeroes,1527436809,i.redd.it,FireEmblemHeroes,False,False,public,106110,2,8minur,2018-05-27 12:00:09
169,"Not to be racist or anything, but Asian people ___________",1,AskOuija,1527436808,self.AskOuija,AskOuija,False,False,public,184639,8,8minum,2018-05-27 12:00:08
170,[Meta]Percentage of flairs of top 1000 posts of all time,1,DDLC,1527436808,i.redd.it,DDLC,False,False,public,89810,6,8minui,2018-05-27 12:00:08
171,When your computer doesn't let you uninstall Microsoft Edge,1,assholedesign,1527436805,i.gyazo.com,assholedesign,False,False,public,421894,1,8minuc,2018-05-27 12:00:05
172,Party Girls,1,Ifyouhadtopickone,1527436804,i.imgur.com,Ifyouhadtopickone,False,True,public,66883,1,8minua,2018-05-27 12:00:04
173,Deus Ex: Breach - Versalife,1,gamemusic,1527436804,youtube.com,gamemusic,False,False,public,58278,1,8minu6,2018-05-27 12:00:04
174,Looking for 3-4 people to play with or joining a clan!,1,playrustlfg,1527436804,self.playrustlfg,playrustlfg,False,False,public,6507,1,8minu5,2018-05-27 12:00:04
175,MY Grandma has a different color carpet in each room of her house.,1,mildlyinteresting,1527436803,i.redd.it,mildlyinteresting,False,False,public,14299092,1,8minu4,2018-05-27 12:00:03
176,"Detail of the Auditorio de Tenerife, Santa Cruz de Tenerife, Canary Islands",1,ArchitectureFans,1527436802,i.redd.it,ArchitectureFans,False,False,restricted,657,1,8minu0,2018-05-27 12:00:02
177,How to keep your rent from going up,1,LateStageCapitalism,1527436801,reddit.com,LateStageCapitalism,False,False,public,295057,1,8mints,2018-05-27 12:00:01
178,INnoCeNt COw FInDS hIS MoTHEr'S CoRPse,1,PeopleFuckingDying,1527436799,i.redd.it,PeopleFuckingDying,False,False,public,680677,1,8mintm,2018-05-27 11:59:59
179,Pain,1,NatureIsFuckingLit,1527436799,youtu.be,NatureIsFuckingLit,False,False,public,1113940,2,8mintk,2018-05-27 11:59:59
180,"Upcoming AMAs for May 27 - Jun 10: Andrzej Sapkowski, Ruth Marshall, Steve Brusatte, Jeff VanderMeer, Jim Butcher, John Joseph Miller, Group of, Yrsa Daley-Ward, Sara Wolf, Alex Perry, Richard Holloway, Melinda Snodgrass, Gerrick Kennedy",1,books,1527436797,self.books,books,False,False,public,14566428,3,8mintd,2018-05-27 11:59:57
181,A missed opportunity for Bestiary - fighting other players' beasts and trying to kill other players with your own beasts,1,pathofexile,1527436795,self.pathofexile,pathofexile,False,False,public,161306,1,8minta,2018-05-27 11:59:55
182,"Fellas, is it gay to be gay?",1,dankmemes,1527436795,i.redd.it,dankmemes,False,False,public,1066160,2,8mint7,2018-05-27 11:59:55
183,Switch between my holes daddy [f],1,gonewild,1527436795,i.imgur.com,gonewild,False,True,public,1452468,4,8mint6,2018-05-27 11:59:55
184,A song I've made.,1,sorceryofthespectacle,1527436794,soundcloud.com,sorceryofthespectacle,False,False,public,7383,3,8mint2,2018-05-27 11:59:54
185,Shop until you drop,1,trashy,1527436794,i.redd.it,trashy,False,False,public,728007,1,8mint1,2018-05-27 11:59:54
186,"Iron Maiden-Fear Of The Dark live in Tallinn, Estonia @Saku Suurhall (26.05.2018)(Legacy Of The Beast tour)",1,HardRock,1527436793,self.HardRock,HardRock,False,False,public,5680,2,8minsz,2018-05-27 11:59:53
187,The Rothschild Dynasty Makes Money Off of Both Sides of Every War - Banks Love War - War Is the Most Expensive Enterprise in History and the Most Profitable to Fund,1,conspiracy,1527436792,theepochtimes.com,conspiracy,False,False,public,640242,4,8minss,2018-05-27 11:59:52
188,Why is the paper in bibles so thin?,1,NoStupidQuestions,1527436791,self.NoStupidQuestions,NoStupidQuestions,False,False,public,540776,3,8minsq,2018-05-27 11:59:51
189,"[WP] The human race is slowly being replaced by androids. You and a group of friends head out to one of the few safehaven's left, but one of you carries a secret.",1,WritingPrompts,1527436791,self.WritingPrompts,WritingPrompts,False,False,public,12303556,1,8minsn,2018-05-27 11:59:51
190,1 hour of philopher Alan Watts set to relaxing music.,1,LSD,1527436791,youtu.be,LSD,False,False,public,158416,1,8minsl,2018-05-27 11:59:51
191,Key section of SNP independence report is identical to New Zealand Treasury document,1,ukpolitics,1527436790,heraldscotland.com,ukpolitics,False,False,public,133945,1,8minsf,2018-05-27 11:59:50
192,At what height should i top?,1,microgrowery,1527436789,self.microgrowery,microgrowery,False,False,public,101680,1,8minse,2018-05-27 11:59:49
193,"Best DMD? Dance monkey, dance?",1,crappypostdesign,1527436789,i.redd.it,crappypostdesign,False,False,public,85,1,8minsd,2018-05-27 11:59:49
194,Good girl. Want a treat? (madohomufisting) [Flip Flappers],1,cutefutanari,1527436787,i.imgur.com,cutefutanari,False,True,public,6718,1,8mins6,2018-05-27 11:59:47
195,custom baseball caps,1,u_sophiaxiao,1527436786,i.redd.it,u_sophiaxiao,False,False,user,0,1,8mins5,2018-05-27 11:59:46
196,I started the game over after making a boo boo and this time there was a second bonfire in Undead Asylum after I ran away from the boss.,1,darksouls,1527436786,self.darksouls,darksouls,False,False,public,167268,1,8mins2,2018-05-27 11:59:46
197,"""Younique's lash serum WORKS üëÄ"" -- except those are clearly false eyelashes üëÄ",1,antiMLM,1527436785,i.redd.it,antiMLM,False,False,public,154626,1,8minrz,2018-05-27 11:59:45
198,Seen on /r/wholesomememes ... I'm with -29 and -43 points,1,Dogfree,1527436785,imgur.com,Dogfree,False,False,public,3789,1,8minrx,2018-05-27 11:59:45
199,Unreal goal by my friend. All credit goes to FLINTON,1,RocketLeague,1527436784,self.RocketLeague,RocketLeague,False,False,public,395268,2,8minrt,2018-05-27 11:59:44
200,Recently received three pieces of rack gear; no idea how to use. Previously only had an interface,1,audioengineering,1527436782,self.audioengineering,audioengineering,False,False,public,102188,1,8minrm,2018-05-27 11:59:42
201,Cut my thumb just below the cuticle a few weeks ago and now my nail has a mini nail growing on top of it.,1,mildlyinteresting,1527436782,i.redd.it,mildlyinteresting,False,False,public,14299090,1,8minri,2018-05-27 11:59:42
202,Came across this on YouTube. This guys developed a Tabletop RPG that‚Äôs really refreshing on rules and liberty. Geez I was getting tired of D&amp;D and so many restrictions. Support Indie developers guys.,1,KotakuInAction,1527436781,youtu.be,KotakuInAction,False,False,public,94608,2,8minrf,2018-05-27 11:59:41
203,Meüî´irl,1,me_irl,1527436780,i.redd.it,me_irl,False,False,public,1212281,1,8minr7,2018-05-27 11:59:40
204,Selfie Thread,1,teenagersnew,1527436778,self.teenagersnew,teenagersnew,False,False,public,2805,9,8minr3,2018-05-27 11:59:38
205,Will cyberpunk 2077 have trenchcoats?,1,cyberpunkgame,1527436778,self.cyberpunkgame,cyberpunkgame,False,False,public,21685,1,8minr2,2018-05-27 11:59:38
206,cute doggo [Kancolle],1,awwnime,1527436778,cdn.awwni.me,awwnime,False,False,public,72473,1,8minqw,2018-05-27 11:59:38
207,California Woman Sues Her Parents Because She Is Ugly,1,nottheonion,1527436778,worldnewsdailyreport.com,nottheonion,False,False,public,13468719,2,8minqu,2018-05-27 11:59:38
208,Can someone please explain to me what drug induced Rhabdomyolysis is and how it would/could cause death? Tragically a young girl died of this yesterday in my home town.,1,AskDocs,1527436777,self.AskDocs,AskDocs,False,False,public,54338,1,8minqo,2018-05-27 11:59:37
209,[S] [USA-NYC] Yashica Electro 35 CC,1,photomarket,1527436776,self.photomarket,photomarket,False,False,public,13321,2,8minqg,2018-05-27 11:59:36
210,Would Rx 480 bottle neck this,1,buildapc,1527436775,self.buildapc,buildapc,False,False,public,917006,1,8minqe,2018-05-27 11:59:35
211,"Gaia Turns Up 13,928 White Dwarfs Nearby the Sun",1,Astronomy,1527436775,universetoday.com,Astronomy,False,False,public,385129,1,8minqd,2018-05-27 11:59:35
212,Thor Offer Worth It?,1,MarvelStrikeForce,1527436775,self.MarvelStrikeForce,MarvelStrikeForce,False,False,public,21632,2,8minqa,2018-05-27 11:59:35
213,I‚Äôve been doing it wrong,1,gifs,1527436774,gfycat.com,gifs,False,False,public,16152681,2,8minq6,2018-05-27 11:59:34
214,'Responsive House 2: Off to Space' illustrated in Ai and animated in After Effects.,1,AdobeIllustrator,1527436770,dribbble.com,AdobeIllustrator,False,False,public,18538,1,8minpj,2018-05-27 11:59:30
215,Watch Live Stream 2018 Indianapolis 500,1,racing,1527436768,live-onlinestreams.com,racing,False,False,public,5765,1,8minpb,2018-05-27 11:59:28
216,Ice cream is my best friend by LooknamTCN,1,mylittlepony,1527436767,looknamtcn.deviantart.com,mylittlepony,False,False,public,67362,1,8minp4,2018-05-27 11:59:27
217,Jake's Love Story | ÈùíÊò•‰πãÊ≠å: German and Simplified Chinese in 1.1c!,1,SteamKiwi,1527436767,steamkiwi.com,SteamKiwi,False,False,restricted,144,1,8minp2,2018-05-27 11:59:27
218,This painted skull sculpture I made. Album in comments.,1,woahdude,1527436766,i.imgur.com,woahdude,False,False,public,1784465,1,8minou,2018-05-27 11:59:26
219,aetari appreciation thread but we don't call him gay &lt;3,1,teenagersnew,1527436765,self.teenagersnew,teenagersnew,False,False,public,2805,2,8minon,2018-05-27 11:59:25
220,Game Thread: Nationals at Marlins 1:00 PM ET,1,MLBStreams,1527436764,self.MLBStreams,MLBStreams,False,False,public,87591,8,8minoj,2018-05-27 11:59:24
221,IAmA Car Salesman please ask me anything.,1,IAmA,1527436764,self.IAmA,IAmA,False,False,public,17990242,2,8minoi,2018-05-27 11:59:24
222,Handcuf(f) me to the bed and fuck me good,1,gonewild,1527436764,i.redd.it,gonewild,False,True,public,1452467,2,8minof,2018-05-27 11:59:24
223,China Approves 5 New Trademarks For Ivanka Trump Business As President Forges ZTE Deal: The approval came just five days before President Donald Trump announced he was working on a controversial deal to drop U.S. prohibitions against China cellphone manufacturer ZTE.,1,foreignpolicy,1527436763,huffingtonpost.com,foreignpolicy,False,False,public,6447,1,8minob,2018-05-27 11:59:23
224,Game Thread: Astros at Indians 1:00 PM ET,1,MLBStreams,1527436762,self.MLBStreams,MLBStreams,False,False,public,87591,9,8mino5,2018-05-27 11:59:22
225,When your cat learns how to videochat (Instagram @Lily.Fat.Cat),1,aww,1527436761,i.redd.it,aww,False,False,public,17183341,1,8mino2,2018-05-27 11:59:21
226,Real Ages of Tabeer Drama Cast | Full Cast of Tabeer Drama | Episode 15 ...,1,u_pakistanidrama,1527436761,youtube.com,u_pakistanidrama,False,False,user,0,1,8minnz,2018-05-27 11:59:21
227,Academy Audit,1,walmart,1527436761,self.walmart,walmart,False,False,public,20110,1,8minny,2018-05-27 11:59:21
228,Game Thread: White Sox at Tigers 1:00 PM ET,1,MLBStreams,1527436759,self.MLBStreams,MLBStreams,False,False,public,87591,11,8minnu,2018-05-27 11:59:19
229,That's a lotta walls Monika,1,DDLC,1527436758,i.redd.it,DDLC,False,False,public,89811,6,8minnk,2018-05-27 11:59:18
230,Game Thread: Orioles at Rays 1:00 PM ET,1,MLBStreams,1527436756,self.MLBStreams,MLBStreams,False,False,public,87591,10,8minnc,2018-05-27 11:59:16
231,"take me now, tom.",1,Tinder,1527436756,i.redd.it,Tinder,False,False,public,941020,1,8minna,2018-05-27 11:59:16
232,"Creepers and cat callers, just...why?",1,AskReddit,1527436756,self.AskReddit,AskReddit,False,False,public,19270831,1,8minn6,2018-05-27 11:59:16
233,"Coffee shop here in Saigon, Vietnam",1,BitcoinAll,1527436756,imgur.com,BitcoinAll,False,False,public,6569,1,8minn5,2018-05-27 11:59:16
234,"Those who have clinically died and then came back, is there a white light?",1,AskReddit,1527436754,self.AskReddit,AskReddit,False,False,public,19270831,2,8minmr,2018-05-27 11:59:14
235,Game Thread: Angels at Yankees 1:00 PM ET,1,MLBStreams,1527436753,self.MLBStreams,MLBStreams,False,False,public,87591,10,8minmp,2018-05-27 11:59:13
236,What was the worst result of someone you know discovering your Reddit account?,1,AskReddit,1527436753,self.AskReddit,AskReddit,False,False,public,19270831,1,8minmo,2018-05-27 11:59:13
237,What subreddit will top r/all tomorrow?,1,AskOuija,1527436751,self.AskOuija,AskOuija,False,False,public,184639,6,8minme,2018-05-27 11:59:11
238,Did a Multi for shit and giggles... Wasnt expecting much,1,DBZDokkanBattle,1527436751,i.redd.it,DBZDokkanBattle,False,False,public,64970,3,8minmb,2018-05-27 11:59:11
239,Ghost Rider Thanos fight,1,ContestOfChampions,1527436751,self.ContestOfChampions,ContestOfChampions,False,False,public,27322,1,8minm8,2018-05-27 11:59:11
240,Game Thread: Braves at Red Sox 1:00 PM ET,1,MLBStreams,1527436750,self.MLBStreams,MLBStreams,False,False,public,87591,10,8minm6,2018-05-27 11:59:10
241,26[M4F] #Austin In town for Memorial Day Weekend,1,RandomActsOfBlowJob,1527436750,self.RandomActsOfBlowJob,RandomActsOfBlowJob,False,True,public,145505,2,8minm5,2018-05-27 11:59:10
242,Me undies 20% off And Free Shipping to Canada until July 31st!,1,Underwear,1527436750,self.Underwear,Underwear,False,False,public,2384,1,8minm3,2018-05-27 11:59:10
243,"antiMLM | Image | ""An old friend of mine is getting sucked into Herbalife""",1,TranscribersOfReddit,1527436749,reddit.com,TranscribersOfReddit,False,False,public,2812,3,8minm1,2018-05-27 11:59:09
244,Light spectacular,1,woahdude,1527436748,i.imgur.com,woahdude,False,False,public,1784464,1,8minlv,2018-05-27 11:59:08
245,Ice will only Deal with all the TTS when it starts to affects his revenue which should be in a few months,1,Ice_Poseidon,1527436748,self.Ice_Poseidon,Ice_Poseidon,False,False,public,90769,2,8minlu,2018-05-27 11:59:08
246,custom baseball caps,1,u_sophiaxiao,1527436748,i.redd.it,u_sophiaxiao,False,False,user,0,1,8minlp,2018-05-27 11:59:08
247,[unknown&gt;English] An old safety razor from about 50 years ago.,1,translator,1527436747,i.redd.it,translator,False,False,public,28099,1,8minln,2018-05-27 11:59:07
248,Steam Spring Cleaning Event 2018 Lvl.3,1,Steam,1527436745,self.Steam,Steam,False,False,public,496982,2,8minld,2018-05-27 11:59:05
249,36[M4f] I‚Äôd love to slide your panties aside to taste you.,1,dirtykikpals,1527436745,self.dirtykikpals,dirtykikpals,False,True,public,101704,1,8minlb,2018-05-27 11:59:05
250,Light spectacular,1,pics,1527436744,i.imgur.com,pics,False,False,public,18670173,1,8minl6,2018-05-27 11:59:04
251,The way my cats have decided to lay down because there is stuff on the table.,1,cats,1527436743,i.imgur.com,cats,False,False,public,701969,1,8minl0,2018-05-27 11:59:03
252,"Travelers of Reddit, what has the TSA confiscated from you?",1,AskReddit,1527436741,self.AskReddit,AskReddit,False,False,public,19270829,1,8minko,2018-05-27 11:59:01
253,46 [f4m] lets have a fun Memorial Day,1,dirtyr4r,1527436740,self.dirtyr4r,dirtyr4r,False,True,public,123087,1,8minkf,2018-05-27 11:59:00
254,In what ways has George Orwell's 1984 come true in the United States?,1,AskReddit,1527436739,self.AskReddit,AskReddit,False,False,public,19270829,2,8mink6,2018-05-27 11:58:59
255,Nicki Valentina Rose,1,bimbofetish,1527436738,i.imgur.com,bimbofetish,False,True,public,110785,2,8mink0,2018-05-27 11:58:58
256,24 F4F Naughty Saturday Off...So Lets Get Off?!,1,dirtypenpals,1527436737,self.dirtypenpals,dirtypenpals,False,True,public,119834,2,8minjz,2018-05-27 11:58:57
257,Made my mathematician-to-be sister a bow tie for her birthday; love how the pi turned out (x-post from /r/PenmanshipPorn),1,somethingimade,1527436737,i.redd.it,somethingimade,False,False,public,248774,1,8minjx,2018-05-27 11:58:57
258,"LIES ABOUT BEING PUNCHED, LIES ABOUT BEING VEGETARIAN, PUTS DOWN OTHERS FOR DOING EXACT THING HE DOES (LEECHING OFF POLE), MUST BE SCAM PEPPER THE WANNABE",1,Ice_Poseidon,1527436737,i.redd.it,Ice_Poseidon,False,False,public,90769,4,8minjt,2018-05-27 11:58:57
259,Looking for PwnageTool 1.0,1,LegacyJailbreak,1527436737,self.LegacyJailbreak,LegacyJailbreak,False,False,public,2832,2,8minjs,2018-05-27 11:58:57
260,(G)I-DLE: Memorized in One Minute - Shocking Self Introductions,1,GIDLE,1527436736,youtube.com,GIDLE,False,False,public,480,1,8minjn,2018-05-27 11:58:56
261,1000 degree knife vs. Aquarium,1,misleadingthumbnails,1527436735,imgur.com,misleadingthumbnails,False,False,public,238366,1,8minjl,2018-05-27 11:58:55
262,Purse snatcher gets his reward.,1,JusticeServed,1527436735,i.redd.it,JusticeServed,False,False,public,400783,2,8minjj,2018-05-27 11:58:55
263,My [26M] FWB's [24F] father has died and I don't know how to be there for her,1,relationships,1527436735,self.relationships,relationships,False,False,public,1201718,2,8minji,2018-05-27 11:58:55
264,Sommer clothing sucks,1,ProAnaMPA,1527436735,self.ProAnaMPA,ProAnaMPA,False,False,public,1709,1,8minjh,2018-05-27 11:58:55
265,I want you to know that....,1,Needafriend,1527436735,self.Needafriend,Needafriend,False,False,public,53281,1,8minjf,2018-05-27 11:58:55
266,Windows 10 free with PC/Java version purchase?,1,Minecraft,1527436735,self.Minecraft,Minecraft,False,False,public,625299,1,8minje,2018-05-27 11:58:55
267,"[Art] Edouard Manet, Plum Brandy, 1877",1,NoSillySuffix,1527436731,i.redd.it,NoSillySuffix,False,False,restricted,29097,1,8minit,2018-05-27 11:58:51
268,So frustrating...,1,EscapefromTarkov,1527436730,self.EscapefromTarkov,EscapefromTarkov,False,False,public,49585,1,8miniq,2018-05-27 11:58:50
269,Hillary Clinton says she wants to be the CEO of Facebook,1,politics,1527436729,cnet.com,politics,False,False,public,3835055,3,8minil,2018-05-27 11:58:49
270,True friendship,1,Rainbow6,1527436728,i.redd.it,Rainbow6,False,False,public,386472,2,8minij,2018-05-27 11:58:48
271,How much health does the floor at Petra have?,1,Overwatch,1527436728,self.Overwatch,Overwatch,False,False,public,1239412,1,8minih,2018-05-27 11:58:48
272,"[Monitor] LG 34UM61-P 34"" 14ms / 5ms GTG 21:9 2560 x 1080 UltraWide Full HD IPS REFURBISHED $239.95",1,buildapcsales,1527436728,newegg.com,buildapcsales,False,False,public,367551,1,8minif,2018-05-27 11:58:48
273,18 [M4F] Female opinions on my cock,1,dirtykikpals,1527436727,self.dirtykikpals,dirtykikpals,False,True,public,101703,1,8minia,2018-05-27 11:58:47
274,[Other] The 7 remaining icons. Who do you want most?,1,FUTMobile,1527436726,i.redd.it,FUTMobile,False,False,public,16905,3,8mini7,2018-05-27 11:58:46
275,Break ups,1,relationships,1527436725,self.relationships,relationships,False,False,public,1201718,2,8mini4,2018-05-27 11:58:45
276,hmmm,1,hmmm,1527436725,i.redd.it,hmmm,False,False,public,705785,1,8mini3,2018-05-27 11:58:45
277,Chocolate Stout Brownies,1,GifRecipes,1527436725,gfycat.com,GifRecipes,False,False,public,912580,1,8minhz,2018-05-27 11:58:45
278,What is the most terrible thing you have ever done to your sim(s)?,1,AskReddit,1527436724,self.AskReddit,AskReddit,False,False,public,19270826,2,8minhy,2018-05-27 11:58:44
279,[Remaster / PC] Looking to exclusively co-op with my boyfriend,1,darksouls,1527436724,self.darksouls,darksouls,False,False,public,167268,1,8minhw,2018-05-27 11:58:44
280,2018 Monaco Grand Prix: best result of the season so far!,1,EstebanOcon31,1527436724,self.EstebanOcon31,EstebanOcon31,False,False,public,437,1,8minhu,2018-05-27 11:58:44
281,custom baseball cap,1,u_sophiaxiao,1527436724,i.redd.it,u_sophiaxiao,False,False,user,0,1,8minht,2018-05-27 11:58:44
282,ARMS - What Hindered Its Success? - Sparkie,1,nintendo,1527436723,youtube.com,nintendo,False,False,public,526445,2,8minhs,2018-05-27 11:58:43
283,My grandmother has a kitchen flour drawer,1,mildlyinteresting,1527436723,i.redd.it,mildlyinteresting,False,False,public,14299089,3,8minhp,2018-05-27 11:58:43
284,"Edouard Manet, Plum Brandy, 1877",1,ArtFans,1527436723,i.redd.it,ArtFans,False,False,restricted,152,1,8minho,2018-05-27 11:58:43
285,Seven Who Sued Trump Won't Stop Until President Unblocks Them on Twitter: 'We'll Take it To The Supreme Court',1,Trump_Idiocy,1527436721,newsweek.com,Trump_Idiocy,False,False,public,29,2,8minhc,2018-05-27 11:58:41
286,[PSA] Run Solemn Scolding to counter Silent Swordsman OTK,1,DuelLinks,1527436718,self.DuelLinks,DuelLinks,False,False,public,51839,1,8minh7,2018-05-27 11:58:38
287,Good luck tonight! Looking forward to an exciting game 7!,1,bostonceltics,1527436717,self.bostonceltics,bostonceltics,False,False,public,51938,1,8minh2,2018-05-27 11:58:37
288,Can anyone tell me what shoes these are?,1,Sneakers,1527436717,i.redd.it,Sneakers,False,False,public,419207,1,8mingz,2018-05-27 11:58:37
289,"Hi,-I am looking for cam fun.",1,gonewild,1527436716,gg.gg,gonewild,False,True,public,1452468,2,8mingy,2018-05-27 11:58:36
290,New Tire Day!,1,bicycling,1527436716,i.redd.it,bicycling,False,False,public,279112,1,8mingv,2018-05-27 11:58:36
291,ELI5: Why U.S. believes that creating a welfare state like Norway is bad for the society?,1,explainlikeimfive,1527436715,self.explainlikeimfive,explainlikeimfive,False,False,public,15581617,1,8mings,2018-05-27 11:58:35
292,27 [M4F],1,snapchat,1527436714,self.snapchat,snapchat,False,False,public,52939,1,8mingk,2018-05-27 11:58:34
293,A boy,1,gifs,1527436714,gfycat.com,gifs,False,False,public,16152674,1,8mingj,2018-05-27 11:58:34
294,Carolina Crown 2018 Tuning Sequence,1,drumcorps,1527436713,twitter.com,drumcorps,False,False,public,13317,1,8mingi,2018-05-27 11:58:33
295,I killed Lautrec to get the Ring of Favor...,1,darksouls,1527436713,self.darksouls,darksouls,False,False,public,167268,1,8mingh,2018-05-27 11:58:33
296,[WP] You've been keeping the village scapegoat as a pet,1,WritingPrompts,1527436713,self.WritingPrompts,WritingPrompts,False,False,public,12303552,1,8mingf,2018-05-27 11:58:33
297,"The sunset in Hawick, MN",1,EarthPorn,1527436713,i.redd.it,EarthPorn,False,False,public,15306300,1,8minge,2018-05-27 11:58:33
298,"""This summer, I'm going on vacation to _________""",1,AskOuija,1527436713,self.AskOuija,AskOuija,False,False,public,184638,7,8mingc,2018-05-27 11:58:33
299,What are your favorite words on your conlang?,1,conlangs,1527436713,self.conlangs,conlangs,False,False,public,23199,2,8mingb,2018-05-27 11:58:33
300,Want to buy a Jp dokkan acc (Reroll) with Lr for $2 @Paypal,1,DBZDokkanBattle,1527436710,self.DBZDokkanBattle,DBZDokkanBattle,False,False,public,64970,1,8ming1,2018-05-27 11:58:30
301,Taking more risks during my Jupiter return‚Äî,1,Advancedastrology,1527436710,i.redd.it,Advancedastrology,False,False,public,139,1,8ming0,2018-05-27 11:58:30
302,Know this isn't traditional of this sub but.... NSFW,1,electricians,1527436708,i.redd.it,electricians,False,True,public,32107,1,8minfq,2018-05-27 11:58:28
303,Promised Land - sunset over tide pools at the Californian coast by Kevin Huang [1279√ó853],1,WaterFans,1527436705,photos.smugmug.com,WaterFans,False,False,restricted,54,1,8minfm,2018-05-27 11:58:25
304,Discussion: Whats the current state of the hobby?,1,rccars,1527436705,self.rccars,rccars,False,False,public,14039,1,8minfk,2018-05-27 11:58:25
305,"Egypt international Mohamed Salah will need only three weeks to recover from injury, a close friend of the Liverpool star revealed on Sunday.",1,soccer,1527436704,kingfut.com,soccer,False,False,public,957385,2,8minfe,2018-05-27 11:58:24
306,Last nights fire,1,pics,1527436704,i.redd.it,pics,False,False,public,18670170,3,8minf9,2018-05-27 11:58:24
307,[buy] Looking for girl to squirt on live kik session,1,Sexsells,1527436703,self.Sexsells,Sexsells,False,True,public,61212,1,8minf8,2018-05-27 11:58:23
308,If your YouTube series involves a spinning wheel to determine certain outcomes...,1,2007scape,1527436703,self.2007scape,2007scape,False,False,public,212918,1,8minf6,2018-05-27 11:58:23
309,How to win a battle royale,1,gaming,1527436702,/r/gaming/comments/8minf0/how_to_win_a_battle_royale/,gaming,False,False,public,18160965,1,8minf0,2018-05-27 11:58:22
310,"Why haven‚Äôt you sold all your possessions, given the money to the poor, and then followed Jesus?",1,Catholicism,1527436701,self.Catholicism,Catholicism,False,False,public,44121,1,8minex,2018-05-27 11:58:21
311,[Xbox] [H] Triumph Crates [W] TW and or Black Roulette Wheels :),1,RocketLeagueExchange,1527436701,self.RocketLeagueExchange,RocketLeagueExchange,False,False,public,69895,1,8minev,2018-05-27 11:58:21
312,[PC] Karambit Gamma Doppler ph3 0.02 Fv,1,GlobalOffensiveTrade,1527436700,self.GlobalOffensiveTrade,GlobalOffensiveTrade,False,False,restricted,115975,2,8minep,2018-05-27 11:58:20
313,This makes my heart happy,1,oaklandraiders,1527436699,raidersbeat.com,oaklandraiders,False,False,public,18140,1,8minej,2018-05-27 11:58:19
314,IAmA 17 year old highschool student from germany. AMA!,1,AMAAggregator,1527436699,reddit.com,AMAAggregator,False,False,restricted,882,1,8minei,2018-05-27 11:58:19
315,What would you do in this situation?,1,zombicide,1527436697,i.redd.it,zombicide,False,False,public,2448,1,8mine7,2018-05-27 11:58:17
316,"Mayor Who Honored Stormy Daniels Settled $500,000 Sexual Harassment Claim in 2016",1,politics,1527436696,breitbart.com,politics,False,False,public,3835055,5,8mine4,2018-05-27 11:58:16
317,hmmm,1,hmmm,1527436695,i.redd.it,hmmm,False,False,public,705785,1,8mine0,2018-05-27 11:58:15
318,Please PROVE me wrong..........,1,yourlifeisalie,1527436695,imgur.com,yourlifeisalie,False,False,public,5,1,8mindz,2018-05-27 11:58:15
319,"HUNT: Muscle Daddy moans while getting fucked good, anyone know who he is or where there's more?",1,gaypornhunters,1527436694,self.gaypornhunters,gaypornhunters,False,True,public,25997,1,8mindv,2018-05-27 11:58:14
320,Why did Willie Nelson abruptly walk off the stage during his Charlotte show?,1,TwoXChromosomes,1527436694,charlotteobserver.com,TwoXChromosomes,False,False,public,11692132,3,8mindq,2018-05-27 11:58:14
321,Emma Peel,1,asktransgender,1527436693,self.asktransgender,asktransgender,False,False,public,63926,2,8mindm,2018-05-27 11:58:13
322,"Remarkable (new meme format, template in comments)",1,bioniclememes,1527436691,i.redd.it,bioniclememes,False,False,public,6257,1,8minda,2018-05-27 11:58:11
323,"Jared Tate to Tone Vays: ""Up for a real chat?""",1,Digibyte,1527436691,twitter.com,Digibyte,False,False,public,17981,2,8mind8,2018-05-27 11:58:11
324,This is the first video I've made heavily animating in Photoshop and with the Roto tool in AE. Both took much longer than I anticipated. Feedback appreciated!,1,Filmmakers,1527436690,youtu.be,Filmmakers,False,False,public,307951,1,8mind6,2018-05-27 11:58:10
325,Does user created scripts count?,1,softwaregore,1527436688,/r/softwaregore/comments/8mincx/does_user_created_scripts_count/,softwaregore,False,False,public,315391,1,8mincx,2018-05-27 11:58:08
326,[2016] Deus Ex: Breach - 'Versalife',1,newgamemusic,1527436688,youtube.com,newgamemusic,False,False,public,434,1,8mincw,2018-05-27 11:58:08
327,Place your bets boiis,1,dankmemes,1527436687,i.redd.it,dankmemes,False,False,public,1066160,2,8mincr,2018-05-27 11:58:07
328,I will buy a jersey of any player who kneels. (/r/CHIBears),1,mistyfront,1527436687,reddit.com,mistyfront,False,False,restricted,12755,1,8mincq,2018-05-27 11:58:07
329,Unrelated Drawings,1,stevenuniverse,1527436686,discount-supervillain.tumblr.com,stevenuniverse,False,True,public,122217,1,8mincm,2018-05-27 11:58:06
330,Bear charging a car,1,gifs,1527436686,i.imgur.com,gifs,False,False,public,16152672,1,8mincj,2018-05-27 11:58:06
331,New Video! Kneading and Jiggling My Fat - 9:04 | $9.99,1,VeronikaJade,1527436685,gfycat.com,VeronikaJade,False,True,restricted,108,1,8minch,2018-05-27 11:58:05
332,Hmmm,1,hmmm,1527436684,i.redd.it,hmmm,False,False,public,705786,2,8mincc,2018-05-27 11:58:04
333,"[Food] Lightly Buttered Bread, 2 hard boiled eggs lightly salted and peppered, and Fried Plantain",1,NoSillySuffix,1527436681,i.redd.it,NoSillySuffix,False,False,restricted,29097,1,8minc2,2018-05-27 11:58:01
334,What's missing from my wardrobe side?,1,origami,1527436680,i.redd.it,origami,False,False,public,25399,2,8minbx,2018-05-27 11:58:00
335,Extremely belated Mother's Day fanart of Toriel,1,Undertale,1527436679,dsakanumbuh419.deviantart.com,Undertale,False,False,public,71972,1,8minbv,2018-05-27 11:57:59
336,"Queenbee, because I am being annoyed",1,dauntless,1527436679,self.dauntless,dauntless,False,False,public,23257,2,8minbt,2018-05-27 11:57:59
337,My first ever woodworking project- a river rock inlay table I designed and built- Album in the comments!,1,woodworking,1527436678,i.imgur.com,woodworking,False,False,public,599755,2,8minbr,2018-05-27 11:57:58
338,I see through the lies of the senate. (found in r/pornhubcomments),1,PrequelMemes,1527436678,i.redd.it,PrequelMemes,False,False,public,596384,2,8minbo,2018-05-27 11:57:58
339,Roomba This!,1,gifs,1527436678,twistedsifter.files.wordpress.com,gifs,False,False,public,16152672,2,8minbn,2018-05-27 11:57:58
340,[Ps4] Lf2m EOW final boss,1,DestinyTheGame,1527436677,self.DestinyTheGame,DestinyTheGame,False,False,public,547613,2,8minbm,2018-05-27 11:57:57
341,"[H] Steam gifts / Humble keys [W] Stardew Valley , Paypal",1,GameTrade,1527436677,self.GameTrade,GameTrade,False,False,public,11252,1,8minbi,2018-05-27 11:57:57
342,"I'm too smart to be entertained by anything else than my own ginourmous, far above average brain with hitherto unsurpassed intellectual capacity.",1,iamverysmart,1527436676,reddit.com,iamverysmart,False,False,public,687445,1,8minbg,2018-05-27 11:57:56
343,Meme Investor Bot Verbally Abused,1,botsrights,1527436676,i.redd.it,botsrights,False,False,public,25636,3,8minbf,2018-05-27 11:57:56
344,BMW Car Servicing Singapore,1,news,1527436676,slideshare.net,news,False,False,public,16063844,1,8minbd,2018-05-27 11:57:56
345,The Paper Chase - We Know Where You Sleep [Post-Hardcore],1,Music,1527436675,youtube.com,Music,False,False,public,16930524,1,8minbb,2018-05-27 11:57:55
346,Whats a successful raid for you?,1,EscapefromTarkov,1527436675,self.EscapefromTarkov,EscapefromTarkov,False,False,public,49584,4,8minba,2018-05-27 11:57:55
347,Ammo belts selection Shvak 20mms.,1,Warthunder,1527436675,self.Warthunder,Warthunder,False,False,public,58183,4,8minb7,2018-05-27 11:57:55
348,TrustPlus has been added to the Cheddur App!,1,TRUSTplusCoin,1527436674,imgur.com,TRUSTplusCoin,False,False,public,41,1,8minb6,2018-05-27 11:57:54
349,"Lightly Buttered Bread, 2 hard boiled eggs lightly salted and peppered, and Fried Plantain",1,FoodFans,1527436673,i.redd.it,FoodFans,False,False,restricted,356,1,8minb5,2018-05-27 11:57:53
350,"Tents to Permanent buildings - Step by step growth of Russian military base, on outskirts of Torez.",1,UkrainianConflict,1527436671,twitter.com,UkrainianConflict,False,False,public,23953,1,8minar,2018-05-27 11:57:51
351,Focused kicker chem,1,MaddenUltimateTeam,1527436670,self.MaddenUltimateTeam,MaddenUltimateTeam,False,False,public,27657,1,8minan,2018-05-27 11:57:50
352,Juventus not interested in signing Emil Forsberg. Atletico and Arsenal remain interested.,1,soccer,1527436670,calciomercato.com,soccer,False,False,public,957385,5,8minak,2018-05-27 11:57:50
353,Request: Cute Tricera Ops pic,1,FortNiteBR,1527436669,self.FortNiteBR,FortNiteBR,False,False,public,642397,4,8minah,2018-05-27 11:57:49
354,Intel Core i7 7700K or i7 8700(K) for gaming?,1,buildapc,1527436668,self.buildapc,buildapc,False,False,public,917002,5,8minac,2018-05-27 11:57:48
355,[Announcement] Official Discord Group,1,PresetWanderers,1527436667,self.PresetWanderers,PresetWanderers,False,True,public,690,2,8mina7,2018-05-27 11:57:47
356,DIY: Kvƒõtinov√° dekorace ze zava≈ôovaƒçek,1,DIY,1527436667,youtube.com,DIY,False,False,public,13730537,2,8mina6,2018-05-27 11:57:47
357,"Recess isn't a break for students, rather, it's a consequence of mandated breaks for adults at work.",1,Showerthoughts,1527436666,self.Showerthoughts,Showerthoughts,False,False,public,14114124,2,8mina4,2018-05-27 11:57:46
358,TEQ Max Level Banner,1,DBZDokkanBattle,1527436666,self.DBZDokkanBattle,DBZDokkanBattle,False,False,public,64970,2,8mina3,2018-05-27 11:57:46
359,"Tiny Cheese's first car ride home - rescued at 5 weeks old, dirty, loud, curious &amp; bossy",1,aww,1527436666,/r/aww/comments/8mina0/tiny_cheeses_first_car_ride_home_rescued_at_5/,aww,True,False,public,17183332,2,8mina0,2018-05-27 11:57:46
360,"[#6|+29244|700] TIL Oyster sauce was created when a Chinese man, who ran a stall selling oysters, accidentally left them cooking until it had turned into a thick gravy, which he sold as ""Oyster Sauce"" and led to him founding the now vast empire of Lee Kum Kee Chinese cooking s... [/r/todayilearned]",1,undelete,1527436663,reddit.com,undelete,False,False,public,77802,1,8min9t,2018-05-27 11:57:43
361,[NA] ‚ÄòSolo: A Star Wars Story‚Äô Looks to Edge Past $100 Million For Holiday Weekend,1,boxoffice,1527436662,variety.com,boxoffice,False,False,public,33016,3,8min9p,2018-05-27 11:57:42
362,Hertha BSC wins the German U19 championship!,1,soccer,1527436662,twitter.com,soccer,False,False,public,957385,2,8min9l,2018-05-27 11:57:42
363,"30[M4F] 171lbs 7.5in cock, clean, workout daily.south burbs Orland Tinely. PM for pics",1,chicagor4r,1527436662,self.chicagor4r,chicagor4r,False,True,public,7218,1,8min9k,2018-05-27 11:57:42
364,"[Serious Next Day Thread] The Golden State Warriors (3-3) beat the Houston Rockets (3-3), 115-86, to force a game 7 for a place in the Finals",1,nba,1527436661,self.nba,nba,False,False,public,1116304,28,8min9g,2018-05-27 11:57:41
365,Week 21: On Sale - Buttermilk Pancakes,1,52weeksofcooking,1527436661,i.redd.it,52weeksofcooking,False,False,public,30628,1,8min9f,2018-05-27 11:57:41
366,Would you help us out?,1,WouldYouFuckMyWife,1527436660,imgur.com,WouldYouFuckMyWife,False,True,public,125418,4,8min9c,2018-05-27 11:57:40
367,Technically savage est 1776,1,Art,1527436658,teespring.com,Art,False,False,public,12856578,2,8min96,2018-05-27 11:57:38
368,Well at least we‚Äôre still flying half a maul,1,PrequelMemes,1527436658,i.redd.it,PrequelMemes,False,False,public,596386,1,8min94,2018-05-27 11:57:38
369,Visiting Amsterdam. Can I mail hash to my home address in Canada?,1,Drugs,1527436655,self.Drugs,Drugs,False,False,public,410620,1,8min8x,2018-05-27 11:57:35
370,New WoWS port interface - ak. Sudden Strike nostalgia ftw!,1,WorldOfWarships,1527436655,imgur.com,WorldOfWarships,False,False,public,36130,1,8min8t,2018-05-27 11:57:35
371,Uncomfortable eye contact,1,gaming,1527436654,/r/gaming/comments/8min8n/uncomfortable_eye_contact/,gaming,False,False,public,18160965,1,8min8n,2018-05-27 11:57:34
372,Neferpitou cosplay found at MomoCon,1,HunterXHunter,1527436654,i.redd.it,HunterXHunter,False,False,public,46346,1,8min8m,2018-05-27 11:57:34
373,"Nicegirls | Image | """"I'm sure you're great."" but you don't want to find out now that you know I'm 5'4. How nice.""",1,TranscribersOfReddit,1527436653,reddit.com,TranscribersOfReddit,False,False,public,2812,4,8min8j,2018-05-27 11:57:33
374,You just got _____,1,AskOuija,1527436649,self.AskOuija,AskOuija,False,False,public,184638,5,8min86,2018-05-27 11:57:29
375,Brought to you by the Anti Swad Gang,1,mountandblade,1527436648,i.redd.it,mountandblade,False,False,public,59474,3,8min82,2018-05-27 11:57:28
376,My Tongue Has Its Own Face,1,Pareidolia,1527436647,i.redd.it,Pareidolia,False,False,public,267083,1,8min7v,2018-05-27 11:57:27
377,Aol cusotmer service phone number | +1-844-853-1440,1,AskReddit,1527436647,self.AskReddit,AskReddit,False,False,public,19270825,2,8min7u,2018-05-27 11:57:27
378,"So, Madonna turns 60 this year. Is she too old for pop?",1,Music,1527436646,self.Music,Music,False,False,public,16930523,2,8min7n,2018-05-27 11:57:26
379,[SIB] Nintendo Switch or Xbox One,1,ShouldIbuythisgame,1527436646,self.ShouldIbuythisgame,ShouldIbuythisgame,False,False,public,205811,1,8min7k,2018-05-27 11:57:26
380,Looking for a support main to form a team,1,LeagueConnect,1527436645,self.LeagueConnect,LeagueConnect,False,False,public,12140,2,8min7j,2018-05-27 11:57:25
381,Did this happened that you were drunk and opened your fridge do pee?,1,AskReddit,1527436645,self.AskReddit,AskReddit,False,False,public,19270825,2,8min7h,2018-05-27 11:57:25
382,Old AWS account compromised - how to deal with massive bill?,1,aws,1527436644,self.aws,aws,False,False,public,36360,1,8min7a,2018-05-27 11:57:24
383,Channel down,1,IPTV,1527436644,self.IPTV,IPTV,False,False,public,15941,1,8min78,2018-05-27 11:57:24
384,"NotHowDrugsWork | Image | ""99,98% sure that this is not how drugs work""",1,TranscribersOfReddit,1527436642,reddit.com,TranscribersOfReddit,False,False,public,2812,3,8min6s,2018-05-27 11:57:22
385,rEaLiStIc GeRmAn CaMpAiGn,1,HistoryMemes,1527436639,imgur.com,HistoryMemes,False,False,public,140752,2,8min6h,2018-05-27 11:57:19
386,IAmA 17 year old highschool student from germany. AMA!,1,IAmA,1527436639,self.IAmA,IAmA,False,False,public,17990237,4,8min6f,2018-05-27 11:57:19
387,The super cute boat roundabout in Birmingham,1,perfectloops,1527436638,i.redd.it,perfectloops,False,False,public,262558,1,8min6c,2018-05-27 11:57:18
388,First names means god of thunder so I saw a mjolnir tattoo fitting,1,tattoos,1527436638,i.redd.it,tattoos,False,False,public,1056742,2,8min69,2018-05-27 11:57:18
389,Montana Democrats Sense a Chance to Capture US House Seat,1,politics,1527436637,usnews.com,politics,False,False,public,3835055,2,8min65,2018-05-27 11:57:17
390,SoCal - my wife swears it‚Äôs a tomato plant but I am skeptical.,1,whatsthisplant,1527436636,i.redd.it,whatsthisplant,False,False,public,74378,3,8min63,2018-05-27 11:57:16
391,How to set VLOOKUP so I don't have to type the exact word to find a match,1,excel,1527436636,self.excel,excel,False,False,public,105875,1,8min5z,2018-05-27 11:57:16
392,Anyone who was against a blocksize limit increase on BTC needs to admit that they reject Satoshi Nakamoto's plan to scale Bitcoin.,1,BitcoinAll,1527436636,twitter.com,BitcoinAll,False,False,public,6569,2,8min5y,2018-05-27 11:57:16
393,‚Ä™5/28 Êó•Êú¨„Çµ„ÉÉ„Ç´„ÉºÂøúÊè¥ÂÆ£Ë®Ä „ÇÑ„Åπ„Å£„Å°FC‚Ä¨,1,FUJITVLive,1527436635,/r/FUJITVLive/comments/8min5x/528_Êó•Êú¨„Çµ„ÉÉ„Ç´„ÉºÂøúÊè¥ÂÆ£Ë®Ä_„ÇÑ„Åπ„Å£„Å°fc/,FUJITVLive,False,False,public,78,1,8min5x,2018-05-27 11:57:15
394,"[H] Events, JPN redeems [W] Events",1,pokemontrades,1527436634,self.pokemontrades,pokemontrades,False,False,public,63412,2,8min5i,2018-05-27 11:57:14
395,Me‚ò†Ô∏èIrl,1,me_irl,1527436633,/r/me_irl/comments/8min5e/meirl/,me_irl,False,False,public,1212280,1,8min5e,2018-05-27 11:57:13
396,"How do liberals resolve the discrepancy of referencing science to support their beliefs while at the same time deriding ""science, critical thinking and research"" as ""tools of supremacy, patriarchy and privilege""?",1,AskReddit,1527436631,self.AskReddit,AskReddit,False,False,public,19270823,16,8min4s,2018-05-27 11:57:11
397,Ironic.,1,PrequelMemes,1527436629,i.redd.it,PrequelMemes,False,False,public,596386,1,8min4n,2018-05-27 11:57:09
398,Spotted in NorCal - stretch Pontiac,1,Shitty_Car_Mods,1527436627,i.redd.it,Shitty_Car_Mods,False,False,public,321392,1,8min49,2018-05-27 11:57:07
399,Shoey can,1,formula1,1527436626,imgur.com,formula1,False,False,public,354804,1,8min3w,2018-05-27 11:57:06
400,Every time I did a hole Felix tries to climb in.,1,cats,1527436625,i.redd.it,cats,False,False,public,701967,2,8min3p,2018-05-27 11:57:05
401,‚ÄòAlien: Covenant‚Äô Never Knew What It Wanted To Be,1,movies,1527436624,theplaylist.net,movies,False,False,public,17604906,2,8min3l,2018-05-27 11:57:04
402,Disney now reporting the pic‚Äôs three-day at $83.3M and four-day at $101M.,1,StarWarsLeaks,1527436623,deadline.com,StarWarsLeaks,False,False,public,47710,3,8min3k,2018-05-27 11:57:03
403,Endlich. EU will Strohhalme und Co. verbieten.,1,de,1527436623,tagesschau.de,de,False,False,public,111025,1,8min3j,2018-05-27 11:57:03
404,"I managed to lose from this position as black, AMA.",1,chess,1527436623,i.imgur.com,chess,False,False,public,93072,2,8min3i,2018-05-27 11:57:03
405,Selling Hashish?,1,Kenshi,1527436623,self.Kenshi,Kenshi,False,False,public,2984,2,8min3h,2018-05-27 11:57:03
406,I found a picture of Dr Franxx from episode 20,1,DarlingInTheFranxx,1527436623,i.redd.it,DarlingInTheFranxx,False,False,public,30683,1,8min3g,2018-05-27 11:57:03
407,Why my audience can't choose their own quality when i'm streaming,1,Twitch,1527436623,self.Twitch,Twitch,False,False,public,325282,1,8min3f,2018-05-27 11:57:03
408,r/greatawakening as a whole.,1,insanepeoplefacebook,1527436622,i.redd.it,insanepeoplefacebook,False,False,public,496125,2,8min3b,2018-05-27 11:57:02
409,Fated Kingdom: Dev. Diary #3: Creating a Trailer,1,SteamKiwi,1527436621,steamkiwi.com,SteamKiwi,False,False,restricted,144,1,8min3a,2018-05-27 11:57:01
410,P(M) me ;),1,gonewild,1527436621,i.redd.it,gonewild,False,True,public,1452466,1,8min34,2018-05-27 11:57:01
411,When the fun begins,1,PrequelMemes,1527436617,i.imgur.com,PrequelMemes,False,False,public,596386,1,8min2w,2018-05-27 11:56:57
412,Fated Kingdom: Dev. Diary #4: The Rulebook,1,SteamKiwi,1527436617,steamkiwi.com,SteamKiwi,False,False,restricted,144,1,8min2v,2018-05-27 11:56:57
413,Adelitas Way - Still Hungry(w/ly) [Rock] (2018),1,Music,1527436617,youtube.com,Music,False,False,public,16930519,1,8min2u,2018-05-27 11:56:57
414,QuakeQVR gameplay on the Oculus Go,1,OculusGo,1527436617,youtu.be,OculusGo,False,False,public,3032,1,8min2s,2018-05-27 11:56:57
415,[F1] 2018 Monaco GP - Race Start,1,NoSillySuffix,1527436616,i.imgur.com,NoSillySuffix,False,False,restricted,29097,1,8min2p,2018-05-27 11:56:56
416,They asked me to bring some beer.,1,oddlysatisfying,1527436615,i.redd.it,oddlysatisfying,False,False,public,1644511,2,8min2h,2018-05-27 11:56:55
417,Failed opportunity for Netflix deal?,1,TheExpanse,1527436613,self.TheExpanse,TheExpanse,False,False,public,53022,4,8min2b,2018-05-27 11:56:53
418,Tactical G.U mine placement,1,Rainbow6,1527436613,gfycat.com,Rainbow6,False,False,public,386470,1,8min2a,2018-05-27 11:56:53
419,"I may be paranoid, but not an _______.",1,AskOuija,1527436612,self.AskOuija,AskOuija,False,False,public,184638,3,8min23,2018-05-27 11:56:52
420,"Chelsea: ""America was great until Trump came along;"" /r/politics predictably full of terrible takes",1,ChapoTrapHouse,1527436611,np.reddit.com,ChapoTrapHouse,False,False,public,31402,3,8min22,2018-05-27 11:56:51
421,Why is Marie a nude model that gets uncomfortable about anything slightly sexual üòÇ,1,Ice_Poseidon,1527436610,self.Ice_Poseidon,Ice_Poseidon,False,False,public,90770,6,8min1x,2018-05-27 11:56:50
422,"[WP] When your grandfather died, you could take one thing from his office to remember him, of which you chose a CD, seeming to contain hits from Sinatra. 3 Years later, you throw it in your PC, and are greeted by a CMD window, saying ""It's about time.""",1,WritingPrompts,1527436610,self.WritingPrompts,WritingPrompts,False,False,public,12303551,1,8min1w,2018-05-27 11:56:50
423,LPT: Weather reporters of reddit - if you're going to report about Florida PLEASE don't stand in front of Florida when the map comes up.,1,LifeProTips,1527436609,self.LifeProTips,LifeProTips,False,False,public,14122997,2,8min1s,2018-05-27 11:56:49
424,2018 Monaco GP - Race Start,1,F1Fans,1527436608,i.imgur.com,F1Fans,False,False,restricted,23,1,8min1o,2018-05-27 11:56:48
425,Do you remember what the natural beauty looks like? Do you remember girls without camouflage on the face? Do you remember the girl before plastic improvements?,1,rupaulsdragrace,1527436608,youtu.be,rupaulsdragrace,False,False,public,172384,4,8min1n,2018-05-27 11:56:48
426,What are your goals for the next 5 years?,1,CasualConversation,1527436608,self.CasualConversation,CasualConversation,False,False,public,371034,1,8min1m,2018-05-27 11:56:48
427,Let's not let political correctness let us miss out on some sweet German uniforms,1,Gamingcirclejerk,1527436606,i.imgur.com,Gamingcirclejerk,False,False,public,64247,1,8min1k,2018-05-27 11:56:46
428,[EU] Ba Sing Se 2049,1,WritingPrompts,1527436606,self.WritingPrompts,WritingPrompts,False,False,public,12303550,1,8min1j,2018-05-27 11:56:46
429,Sometimes reddit is the only thing I get excited about lately.,1,CasualConversation,1527436605,self.CasualConversation,CasualConversation,False,False,public,371034,2,8min1h,2018-05-27 11:56:45
430,Hanzo's Aim: 3 Circles When Aiming,1,OverwatchUniversity,1527436604,self.OverwatchUniversity,OverwatchUniversity,False,False,public,134916,1,8min1c,2018-05-27 11:56:44
431,What's your experience with Trust Factor so far?,1,GlobalOffensive,1527436604,self.GlobalOffensive,GlobalOffensive,False,False,public,641256,1,8min1b,2018-05-27 11:56:44
432,Foggy morning looking for some rainbows üåàüêü,1,kayakfishing,1527436603,i.redd.it,kayakfishing,False,False,public,10573,1,8min1a,2018-05-27 11:56:43
433,Pulling my pink panties o[f]f to the side,1,gonewild,1527436602,imgur.com,gonewild,False,True,public,1452464,4,8min16,2018-05-27 11:56:42
434,1 Dad 2 Kids,1,DadReflexes,1527436602,i.imgur.com,DadReflexes,False,False,public,280126,3,8min15,2018-05-27 11:56:42
435,Why are you a stripper?,1,AskReddit,1527436602,self.AskReddit,AskReddit,False,False,public,19270817,9,8min14,2018-05-27 11:56:42
436,"[BFV] Authentic WWII uniforms, hot off the press.",1,Battlefield,1527436602,kokoroku.com,Battlefield,False,False,public,123283,2,8min13,2018-05-27 11:56:42
437,What was a choice you made that has drastically impacted your life?,1,AskReddit,1527436601,self.AskReddit,AskReddit,False,False,public,19270817,3,8min11,2018-05-27 11:56:41
438,"A surprise to be sure, but a welcome one",1,PrequelMemes,1527436601,i.imgur.com,PrequelMemes,False,False,public,596386,1,8min0z,2018-05-27 11:56:41
439,is porn addiction a thing? How do I get my male SO to stop ?,1,sex,1527436601,self.sex,sex,False,False,public,920944,2,8min0v,2018-05-27 11:56:41
440,"Tents to Permanent buildings - Step by step growth of Russian military base, on outskirts of Ukrainian town of Torez.",1,UkrainianConflict,1527436600,twitter.com,UkrainianConflict,False,False,public,23953,1,8min0p,2018-05-27 11:56:40
441,"suicidebywords | Image | ""Oof""",1,TranscribersOfReddit,1527436599,reddit.com,TranscribersOfReddit,False,False,public,2812,3,8min0o,2018-05-27 11:56:39
442,Why are none of the Marksman gunners?,1,dissidia,1527436599,self.dissidia,dissidia,False,False,public,4698,2,8min0n,2018-05-27 11:56:39
443,?,1,CrappyDesign,1527436599,i.redd.it,CrappyDesign,False,False,public,1030983,1,8min0m,2018-05-27 11:56:39
444,How does the ego work?,1,LSD,1527436599,self.LSD,LSD,False,False,public,158416,4,8min0l,2018-05-27 11:56:39
445,Daredevil,1,MarvelStrikeForce,1527436598,self.MarvelStrikeForce,MarvelStrikeForce,False,False,public,21631,1,8min0j,2018-05-27 11:56:38
446,Thousands from far right and Berlin's techno scene face off in rival rallies,1,nottheonion,1527436595,theguardian.com,nottheonion,False,False,public,13468706,1,8min0c,2018-05-27 11:56:35
447,The Ultimate Question,1,nba,1527436595,self.nba,nba,False,False,public,1116302,3,8min0b,2018-05-27 11:56:35
448,Boobs and smile [f]or you!,1,gonewild,1527436595,imgur.com,gonewild,False,True,public,1452464,2,8min09,2018-05-27 11:56:35
449,Julia Brown - I Wanna Be A Witch,1,Ilikethissong,1527436594,youtu.be,Ilikethissong,False,False,public,45,1,8min06,2018-05-27 11:56:34
450,N√•gon l√§kare h√§r som kan s√§ga vad man borde f√• checkat gratis innan man √§r 20?,1,sweden,1527436592,self.sweden,sweden,False,False,public,201811,2,8min04,2018-05-27 11:56:32
451,Waffling between two classes as my main. Help me with pros and cons?,1,wow,1527436592,self.wow,wow,False,False,public,609684,2,8min00,2018-05-27 11:56:32
452,Here's a video breaking down my design decisions for character sheets,1,DungeonsAndDragons,1527436592,self.DungeonsAndDragons,DungeonsAndDragons,False,False,public,105782,1,8mimzz,2018-05-27 11:56:32
453,My First Sunday Gunday!,1,The_Donald,1527436591,i.imgur.com,The_Donald,False,False,public,611957,1,8mimzx,2018-05-27 11:56:31
454,PsBattle: My Cat stuck outside my window,1,photoshopbattles,1527436591,i.imgur.com,photoshopbattles,False,False,public,13166802,2,8mimzq,2018-05-27 11:56:31
455,After 2 years my goal of losing 150 lbs is done. It was long journey but looking at it now it was so worth it,1,happy,1527436589,i.redd.it,happy,False,False,public,240102,1,8mimze,2018-05-27 11:56:29
456,Plaid skirt part 2,1,phgonewild,1527436588,imgur.com,phgonewild,False,True,public,14379,2,8mimzb,2018-05-27 11:56:28
457,"Study claims offering people money might be the best way to help them quit smoking. A much higher percentage of smokers were found to have kicked their habit after being offered financial rewards for quitting, or told that they may have some money taken away from them if they continued smoking.",1,science,1527436587,inquisitr.com,science,False,False,public,18721899,3,8mimz3,2018-05-27 11:56:27
458,Jazmyn BTRA,1,curvy,1527436587,gfycat.com,curvy,False,True,public,239965,1,8mimz2,2018-05-27 11:56:27
459,"New to PC gaming (Aside New Vegas on my 12+ years old desktop), need some help on specs",1,pcmasterrace,1527436586,self.pcmasterrace,pcmasterrace,False,False,public,1447827,3,8mimyz,2018-05-27 11:56:26
460,"Baha'i History - May 29, 1927, Shoghi Effendi wrote "" the practice of nomination, so detrimental to the atmosphere of a silent and prayerful election, is viewed with mistrust...deny that God-given right of every elector to vote only in favour of those who he is conscientiously convinced...""",1,OnThisDateInBahai,1527436585,i.redd.it,OnThisDateInBahai,False,False,public,18,1,8mimyw,2018-05-27 11:56:25
461,2meirl4meirl,1,2meirl4meirl,1527436585,i.redd.it,2meirl4meirl,False,False,public,357790,1,8mimyt,2018-05-27 11:56:25
462,"ComedyCemetery | Image | ""In case you wanna use his quote later...""",1,TranscribersOfReddit,1527436585,reddit.com,TranscribersOfReddit,False,False,public,2812,3,8mimyr,2018-05-27 11:56:25
463,It‚Äôs all about love and hate,1,Eyebleach,1527436584,/r/Eyebleach/comments/8mimyq/its_all_about_love_and_hate/,Eyebleach,False,False,public,854067,1,8mimyq,2018-05-27 11:56:24
464,Avicii - Heaven (feat. Chris Martin),1,xTrill,1527436584,self.xTrill,xTrill,False,False,public,33939,2,8mimyn,2018-05-27 11:56:24
465,Water filter package assholes,1,assholedesign,1527436581,i.imgur.com,assholedesign,False,False,public,421891,1,8mimy7,2018-05-27 11:56:21
466,"If all snowflakes are unique, then two snowflakes that are identical would be the only actually unique ones.",1,Showerthoughts,1527436581,self.Showerthoughts,Showerthoughts,False,False,public,14114117,1,8mimy6,2018-05-27 11:56:21
467,Litigation privilege limits (MD),1,legaladvice,1527436580,self.legaladvice,legaladvice,False,False,public,412032,1,8mimy1,2018-05-27 11:56:20
468,[chunkwm] comfy,1,unixporn,1527436580,i.redd.it,unixporn,False,False,public,104546,1,8mimxx,2018-05-27 11:56:20
469,"[FANART] Anub'arak, the Ninth Thorn",1,heroesofthestorm,1527436579,artstation.com,heroesofthestorm,False,False,public,195475,4,8mimxu,2018-05-27 11:56:19
470,Ready for you,1,hugeass,1527436578,i.redd.it,hugeass,False,True,public,5883,2,8mimxp,2018-05-27 11:56:18
471,Use blockchain technology on Microsoft Points,1,xboxone,1527436578,self.xboxone,xboxone,False,False,public,739869,1,8mimxl,2018-05-27 11:56:18
472,Sweetie Kitty,1,cats,1527436578,/r/cats/comments/8mimxk/sweetie_kitty/,cats,False,False,public,701963,1,8mimxk,2018-05-27 11:56:18
473,People are too damn strict with subreddit rules,1,unpopularopinion,1527436578,self.unpopularopinion,unpopularopinion,False,False,public,66269,4,8mimxi,2018-05-27 11:56:18
474,"TooMeIrlForMeIrl | Image | ""TooMeIrlForMeIrl""",1,TranscribersOfReddit,1527436578,reddit.com,TranscribersOfReddit,False,False,public,2812,3,8mimxg,2018-05-27 11:56:18
475,this is so sad guys i cried,1,PewdiepieSubmissions,1527436577,i.redd.it,PewdiepieSubmissions,False,False,public,339995,3,8mimxe,2018-05-27 11:56:17
476,Can Vizier really copy legendary creatures without the legendary rule taking effect?,1,MagicArena,1527436577,self.MagicArena,MagicArena,False,False,public,19168,3,8mimxd,2018-05-27 11:56:17
477,@ScottAdamsSays: @the_moviebob The dead one?,1,TheTwitterFeed,1527436576,mobile.twitter.com,TheTwitterFeed,False,False,restricted,181,1,8mimx5,2018-05-27 11:56:16
478,Newfags won‚Äôt remember but this is the true Queen of the Purple Army!,1,Ice_Poseidon,1527436575,i.redd.it,Ice_Poseidon,False,False,public,90770,5,8mimx1,2018-05-27 11:56:15
479,Forget what you learned in History class?,1,Battlefield,1527436575,i.imgur.com,Battlefield,False,False,public,123283,1,8mimwz,2018-05-27 11:56:15
480,Ham solo spoiler....,1,StarWars,1527436575,self.StarWars,StarWars,False,False,public,879941,4,8mimwx,2018-05-27 11:56:15
481,6‚Äô4 250lbs. It‚Äôs even thicker in person ü§Ø,1,penis,1527436574,i.redd.it,penis,False,True,public,51378,1,8mimwt,2018-05-27 11:56:14
482,And then the mother started clapping!,1,thatHappened,1527436574,i.imgur.com,thatHappened,False,False,public,626436,1,8mimws,2018-05-27 11:56:14
483,[PC] [H] Striker TW Apex + Striker TW Helios + Striker TW RLCS Octane Decal (S1) + Striker TW Octane [W] Offers,1,RocketLeagueExchange,1527436572,self.RocketLeagueExchange,RocketLeagueExchange,False,False,public,69895,1,8mimwl,2018-05-27 11:56:12
484,Super Robo deck counters sylvans,1,DuelLinks,1527436572,/r/DuelLinks/comments/8mimwj/super_robo_deck_counters_sylvans/,DuelLinks,False,False,public,51839,1,8mimwj,2018-05-27 11:56:12
485,Tharja: Obsessive Bride by Phiphiauthon!,1,FireEmblemHeroes,1527436571,twitter.com,FireEmblemHeroes,False,False,public,106109,2,8mimwh,2018-05-27 11:56:11
486,[SPOILERS] Top 50 Game Of Thrones Moments!,1,gameofthrones,1527436571,youtu.be,gameofthrones,False,False,public,1326240,2,8mimwe,2018-05-27 11:56:11
487,Discord channel..,1,tezos,1527436570,self.tezos,tezos,False,False,public,8048,1,8mimwb,2018-05-27 11:56:10
488,Try Not To Laugh Challengeüî•üòÇ Funny Kids Vines Compilation 2018 üòÄüòÄ Funniest Kids Videos,1,funnyvideos,1527436570,youtu.be,funnyvideos,False,False,public,12058,2,8mimw9,2018-05-27 11:56:10
489,Stuck on cliff after falling off the map.,1,dauntless,1527436570,/r/dauntless/comments/8mimw5/stuck_on_cliff_after_falling_off_the_map/,dauntless,False,False,public,23252,1,8mimw5,2018-05-27 11:56:10
490,[Military] Italian Army defused an american WWII bomb in Turin today.,1,NoSillySuffix,1527436569,i.redd.it,NoSillySuffix,False,False,restricted,29096,1,8mimw3,2018-05-27 11:56:09
491,Do you think Markelle Fultz still can be star in the NBA?,1,nba,1527436569,self.nba,nba,False,False,public,1116300,8,8mimw1,2018-05-27 11:56:09
492,Sommer Ray,1,tightdresses,1527436568,i.imgur.com,tightdresses,False,True,public,202356,1,8mimvw,2018-05-27 11:56:08
493,Some Sunday bbq ribs,1,BBQ,1527436567,i.imgur.com,BBQ,False,False,public,70489,1,8mimvr,2018-05-27 11:56:07
494,13 Reasons Why - Next Season leaked,1,memes,1527436567,i.redd.it,memes,False,False,public,1142480,2,8mimvq,2018-05-27 11:56:07
495,me_irl,1,me_irl,1527436567,i.redd.it,me_irl,False,False,public,1212280,4,8mimvn,2018-05-27 11:56:07
496,For dem loose girls,1,MemeEconomy,1527436564,i.redd.it,MemeEconomy,False,False,public,531843,4,8mimvc,2018-05-27 11:56:04
497,Italian Army defused an american WWII bomb in Turin today.,1,MilitaryFans,1527436561,i.redd.it,MilitaryFans,False,False,restricted,281,1,8mimv4,2018-05-27 11:56:01
498,HMRB while I do a backwards front flip,1,holdmyredbull,1527436561,i.imgur.com,holdmyredbull,False,False,public,237848,1,8mimv3,2018-05-27 11:56:01
499,"I've just bought my first sex toys because of our dying bedroom, do I tell him?",1,deadbedroom,1527436560,self.deadbedroom,deadbedroom,False,False,public,4514,2,8mimv0,2018-05-27 11:56:00
0,It‚Äôs Rising,1,dankmemes,1527437021,i.redd.it,dankmemes,False,False,public,1066168,1,8mioqp,2018-05-27 12:03:41
1,"[FS] 3 pairs of UB 3.0, one pair of NMD R2 all size 8.5 men‚Äôs, 9/10 cond.",1,sneakermarket,1527437020,i.redd.it,sneakermarket,False,False,public,42039,2,8mioqh,2018-05-27 12:03:40
2,Let's Go - Def Leppard unofficial Avengers music video,1,Music,1527437019,youtube.com,Music,False,False,public,16930539,2,8mioqf,2018-05-27 12:03:39
29,iOS 12 request: Show the time on ‚Äúconnect to power‚Äù screen,1,iphone,1527436958,self.iphone,iphone,False,False,public,584800,1,8mioi7,2018-05-27 12:02:38
71,What back bling is this?,1,FortNiteBR,1527436914,i.redd.it,FortNiteBR,False,False,public,642407,2,8mioai,2018-05-27 12:01:54
72,Fat people can fight too.,1,funny,1527436914,/r/funny/comments/8mioah/fat_people_can_fight_too/,funny,False,False,public,19584748,2,8mioah,2018-05-27 12:01:54
143,"""Event chest"" And Blizzard wonders why people find loot chests unrewarding.",1,heroesofthestorm,1527436831,self.heroesofthestorm,heroesofthestorm,False,False,public,195474,1,8minyh,2018-05-27 12:00:31
147,"A recreation of TPTB's pothole-thing. By the way, what do you call it?",1,deathgrips,1527436830,i.redd.it,deathgrips,False,False,public,42083,1,8miny4,2018-05-27 12:00:30
235,That's a lotta walls Monika,1,DDLC,1527436758,i.redd.it,DDLC,False,False,public,89811,7,8minnk,2018-05-27 11:59:18
441,Why are you a stripper?,1,AskReddit,1527436602,self.AskReddit,AskReddit,False,False,public,19270817,10,8min14,2018-05-27 11:56:42
0,Instrumental: Shadow Moses - Bring Me The Horizon (Drum and Bass only)[Rock],1,Music,1527437027,youtube.com,Music,False,False,public,16930540,1,8miorm,2018-05-27 12:03:47
1,[H] 3 Heatwaves [W] Cert Lime Apex,1,RocketLeagueExchange,1527437025,self.RocketLeagueExchange,RocketLeagueExchange,False,False,public,69895,2,8mior8,2018-05-27 12:03:45
2,Sexy girl selling her tiny panties,1,usedpanties,1527437024,self.usedpanties,usedpanties,False,True,public,44937,3,8mior5,2018-05-27 12:03:44
3,Tommy doesn‚Äôt like crips,1,cats,1527437023,i.redd.it,cats,False,False,public,701973,1,8mioqx,2018-05-27 12:03:43
4,It‚Äôs Rising,1,dankmemes,1527437021,i.redd.it,dankmemes,False,False,public,1066168,2,8mioqp,2018-05-27 12:03:41
95,"[NS] [Switch] [H] Stormwatch, Lime Triplex [W] Biomass OR Parallax + Any Velocity Import",1,RocketLeagueExchange,1527436890,self.RocketLeagueExchange,RocketLeagueExchange,False,False,public,69895,1,8mio70,2018-05-27 12:01:30
156,Local tournament help,1,FortNiteBR,1527436826,self.FortNiteBR,FortNiteBR,False,False,public,642405,3,8minxd,2018-05-27 12:00:26
179,What.,1,FireEmblemHeroes,1527436809,i.redd.it,FireEmblemHeroes,False,False,public,106110,3,8minur,2018-05-27 12:00:09
210,The translation team is three people.,1,grandorder,1527436785,self.grandorder,grandorder,False,False,public,51963,1,8minrv,2018-05-27 11:59:45
225,I‚Äôve been doing it wrong,1,gifs,1527436774,gfycat.com,gifs,False,False,public,16152681,3,8minq6,2018-05-27 11:59:34
241,That's a lotta walls Monika,1,DDLC,1527436758,i.redd.it,DDLC,False,False,public,89811,8,8minnk,2018-05-27 11:59:18
264,The seasons after Michael left The Office are good.,1,unpopularopinion,1527436741,self.unpopularopinion,unpopularopinion,False,False,public,66269,1,8minkr,2018-05-27 11:59:01
360,Ammo belts selection Shvak 20mms.,1,Warthunder,1527436675,self.Warthunder,Warthunder,False,False,public,58183,5,8minb7,2018-05-27 11:57:55
399,IAmA 17 year old highschool student from germany. AMA!,1,IAmA,1527436639,self.IAmA,IAmA,False,False,public,17990237,5,8min6f,2018-05-27 11:57:19
409,"How do liberals resolve the discrepancy of referencing science to support their beliefs while at the same time deriding ""science, critical thinking and research"" as ""tools of supremacy, patriarchy and privilege""?",1,AskReddit,1527436631,self.AskReddit,AskReddit,False,False,public,19270823,17,8min4s,2018-05-27 11:57:11
439,What are your goals for the next 5 years?,1,CasualConversation,1527436608,self.CasualConversation,CasualConversation,False,False,public,371034,2,8min1m,2018-05-27 11:56:48
0,"What was the best and worst gift you received from your employer as a milestone recognition? (Like for 10, 15, 20 yrs in)",1,AskReddit,1527437029,self.AskReddit,AskReddit,False,False,public,19270850,1,8miorv,2018-05-27 12:03:49
1,Instrumental: Shadow Moses - Bring Me The Horizon (Drum and Bass only)[Rock],1,Music,1527437027,youtube.com,Music,False,False,public,16930540,2,8miorm,2018-05-27 12:03:47
2,Will all Star Wars Stories be connected in some way?,1,starwarsspeculation,1527437027,self.starwarsspeculation,starwarsspeculation,False,False,public,21626,2,8miork,2018-05-27 12:03:47
12,Plz upvote yub needs to see!,1,YuB,1527437003,i.redd.it,YuB,False,False,public,734,1,8mioo5,2018-05-27 12:03:23
58,I had to do it,1,danganronpa,1527436931,i.redd.it,danganronpa,False,False,public,27081,1,8miodb,2018-05-27 12:02:11
147,Giuliani Calls Mueller Probe ‚ÄòIllegitimate‚Äô: ‚ÄòOur Jury ‚Ä¶ Is The American People‚Äô,1,politics,1527436843,talkingpointsmemo.com,politics,False,False,public,3835055,8,8minzr,2018-05-27 12:00:43
244,Game Thread: White Sox at Tigers 1:00 PM ET,1,MLBStreams,1527436759,self.MLBStreams,MLBStreams,False,False,public,87591,12,8minnu,2018-05-27 11:59:19
262,[LC] OW Vapormax Black,1,Repsneakers,1527436748,self.Repsneakers,Repsneakers,False,False,public,88866,1,8minlt,2018-05-27 11:59:08
292,[Other] The 7 remaining icons. Who do you want most?,1,FUTMobile,1527436726,i.redd.it,FUTMobile,False,False,public,16905,4,8mini7,2018-05-27 11:58:46
0,Alexander Downer Describes Barroom Meeting With Trump Adviser George Papadopoulos,1,politics,1527437034,dailycaller.com,politics,False,False,public,3835059,2,8miosh,2018-05-27 12:03:54
1,[xbox][NA]average player looking for squads to play with,1,FortniteRoyaleLFG,1527437033,self.FortniteRoyaleLFG,FortniteRoyaleLFG,False,False,public,2820,2,8miose,2018-05-27 12:03:53
2,Do people say Jesus or Gesus?,1,Showerthoughts,1527437031,self.Showerthoughts,Showerthoughts,False,False,public,14114142,2,8mios1,2018-05-27 12:03:51
28,Pornhub legend Mia Khalifa slams Sergio Ramos as she tells under-fire Liverpool keeper Loris Karius to 'keep smiling',1,soccer,1527436973,mirror.co.uk,soccer,False,False,public,957392,5,8miok4,2018-05-27 12:02:53
35,A little pussy [f]lash at work is easy to do when you don't wear panties &amp; skin tight pants!,1,workgonewild,1527436966,i.imgur.com,workgonewild,False,True,public,215858,1,8miojh,2018-05-27 12:02:46
42,"Trump Has No Idea How Diplomatic Deals Work: I worked on international negotiations under Obama ‚Äî and now I‚Äôm watching from the sidelines as the Trump team gets it all wrong. | Ilan Goldenberg, former chief of staff to the special envoy for Israeli-Palestinian negotiations",1,foreignpolicy,1527436955,foreignpolicy.com,foreignpolicy,False,False,public,6447,1,8miohv,2018-05-27 12:02:35
73,It is just amazing that none of the QB needy teams signed Bridgewater as a 2 who could compete to be a 1. Huge missed opportunity. A number of teams that will regret that. I‚Äôm told he has looked outstanding. This will be a different version of Dion Lewis if he stays healthy.,1,nfl,1527436928,twitter.com,nfl,False,False,public,776019,2,8mioci,2018-05-27 12:02:08
84,What back bling is this?,1,FortNiteBR,1527436914,i.redd.it,FortNiteBR,False,False,public,642407,3,8mioai,2018-05-27 12:01:54
102,gotchya nose!,1,DDLC,1527436890,i.redd.it,DDLC,False,False,public,89810,4,8mio78,2018-05-27 12:01:30
147,"I have been waiting for 2 hours and 20 minutes in queue. 33.900 people have been ""waiting"" in front of me. Yeah, I don't think I am gonna wait any longer to join this game. Farewell.",1,dauntless,1527436850,self.dauntless,dauntless,False,False,public,23261,2,8mio0q,2018-05-27 12:00:50
197,[USA-MI] [H] LG 27UD69P-W [W] PayPal/Local Cash,1,hardwareswap,1527436801,self.hardwareswap,hardwareswap,False,False,public,87582,1,8mintu,2018-05-27 12:00:01
278,Tried a Chalupa for the first time ever yesterday.,1,tacobell,1527436739,self.tacobell,tacobell,False,False,public,24831,1,8minkc,2018-05-27 11:58:59
318,A boy,1,gifs,1527436714,gfycat.com,gifs,False,False,public,16152674,2,8mingj,2018-05-27 11:58:34
350,Does user created scripts count?,1,softwaregore,1527436688,/r/softwaregore/comments/8mincx/does_user_created_scripts_count/,softwaregore,False,False,public,315391,2,8mincx,2018-05-27 11:58:08
389,"[Serious Next Day Thread] The Golden State Warriors (3-3) beat the Houston Rockets (3-3), 115-86, to force a game 7 for a place in the Finals",1,nba,1527436661,self.nba,nba,False,False,public,1116304,29,8min9g,2018-05-27 11:57:41
403,"So, Madonna turns 60 this year. Is she too old for pop?",1,Music,1527436646,self.Music,Music,False,False,public,16930523,3,8min7n,2018-05-27 11:57:26
407,"oyal Bank of Canada alters Taiwan's designation, joins Air Canada under Chinese law",1,worldnews,1527436645,taiwannews.com.tw,worldnews,False,False,public,18756543,1,8min7e,2018-05-27 11:57:25
0,18 year old gal is just as stunning as she is now,1,JerkOffToCelebs,1527437041,i.redd.it,JerkOffToCelebs,False,True,public,45308,1,8miote,2018-05-27 12:04:01
1,Utada - Oath Extended version with both previews,1,KingdomHearts,1527437038,self.KingdomHearts,KingdomHearts,False,False,public,81152,2,8miot1,2018-05-27 12:03:58
8,18 [M4F] any ladies interested in turning on this young fresh 18 year old? Revealing everything his hiding under there and flow his juices. All ages welcome 18+!,1,DirtySnapchat,1527437025,self.DirtySnapchat,DirtySnapchat,False,True,public,103817,1,8miorc,2018-05-27 12:03:45
16,This rock that looks like a penis.,1,mildlyinteresting,1527437014,i.redd.it,mildlyinteresting,False,False,public,14299102,1,8miopv,2018-05-27 12:03:34
17,Save this poor mallu Hindu kanya before she gets Tharoor'd or Love Jihad'd,1,bakchodi,1527437012,i.redd.it,bakchodi,False,False,public,11943,1,8miopg,2018-05-27 12:03:32
47,"Trump Has No Idea How Diplomatic Deals Work: I worked on international negotiations under Obama ‚Äî and now I‚Äôm watching from the sidelines as the Trump team gets it all wrong. | Ilan Goldenberg, former chief of staff to the special envoy for Israeli-Palestinian negotiations",1,foreignpolicy,1527436955,foreignpolicy.com,foreignpolicy,False,False,public,6447,2,8miohv,2018-05-27 12:02:35
92,Samantha messaged this to brandon,1,Ice_Poseidon,1527436911,i.redd.it,Ice_Poseidon,False,False,public,90770,4,8mioa2,2018-05-27 12:01:51
104,Can't connect to battle net,1,diablo2,1527436896,self.diablo2,diablo2,False,False,public,7769,1,8mio7u,2018-05-27 12:01:36
142,The Indy500 being blacked out in Indy... üòë,1,mildlyinfuriating,1527436861,i.redd.it,mildlyinfuriating,False,False,public,953945,1,8mio2b,2018-05-27 12:01:01
161,Demon Slayer: Kimetsu no Yaiba Manga Has 'Super Important Announcement' on June 4,1,manga,1527436840,animenewsnetwork.com,manga,False,False,public,322102,1,8minzd,2018-05-27 12:00:40
190,"This shirt costs $1,290",1,pics,1527436813,i.imgur.com,pics,False,False,public,18670178,3,8minvb,2018-05-27 12:00:13
196,What.,1,FireEmblemHeroes,1527436809,i.redd.it,FireEmblemHeroes,False,False,public,106110,4,8minur,2018-05-27 12:00:09
234,Selfie Thread,1,teenagersnew,1527436778,self.teenagersnew,teenagersnew,False,False,public,2805,10,8minr3,2018-05-27 11:59:38
235,Will cyberpunk 2077 have trenchcoats?,1,cyberpunkgame,1527436778,self.cyberpunkgame,cyberpunkgame,False,False,public,21685,2,8minr2,2018-05-27 11:59:38
433,HASHTAGS FOR MONDAY'S TWITTERSTORM: #LUCIFER &amp; #SAVELUCIFER !!!,1,lucifer,1527436626,self.lucifer,lucifer,False,False,public,19811,1,8min44,2018-05-27 11:57:06
434,M/33/6‚Äô1‚Äù [205 lbs &gt; 170 lbs = 35 lbs] (16 months sober),1,progresspics,1527436626,i.redd.it,progresspics,False,False,public,410717,1,8min40,2018-05-27 11:57:06
491,"""I'm sure you're great."" but you don't want to find out now that you know I'm 5'4. How nice.",1,Nicegirls,1527436590,i.redd.it,Nicegirls,False,False,public,140396,1,8mimzi,2018-05-27 11:56:30
